[03-Nov-2024 20:41:20 Asia/Ho_Chi_Minh] PHP Fatal error:  Uncaught Error: Class "App\Controllers\Client\Product_DetailController" not found in D:\Dự án 1\Xalanh_duan1_source\Xalanh_duan1_source\App\Route.php:79
Stack trace:
#0 D:\Dự án 1\Xalanh_duan1_source\Xalanh_duan1_source\index.php(54): App\Route::dispatch()
#1 {main}
  thrown in D:\Dự án 1\Xalanh_duan1_source\Xalanh_duan1_source\App\Route.php on line 79
[03-Nov-2024 21:16:49 Asia/Ho_Chi_Minh] PHP Fatal error:  Uncaught Error: Class "App\Views\Client\Pages\Product_Deatail\Index" not found in D:\Dự án 1\Xalanh_duan1_source\Xalanh_duan1_source\App\Controllers\Client\Product_DetailController.php:18
Stack trace:
#0 D:\Dự án 1\Xalanh_duan1_source\Xalanh_duan1_source\App\Route.php(82): App\Controllers\Client\Product_DetailController::index()
#1 D:\Dự án 1\Xalanh_duan1_source\Xalanh_duan1_source\index.php(57): App\Route::dispatch()
#2 {main}
  thrown in D:\Dự án 1\Xalanh_duan1_source\Xalanh_duan1_source\App\Controllers\Client\Product_DetailController.php on line 18
[03-Nov-2024 21:16:58 Asia/Ho_Chi_Minh] PHP Fatal error:  Uncaught Error: Class "App\Views\Client\Pages\Product_Deatail\Index" not found in D:\Dự án 1\Xalanh_duan1_source\Xalanh_duan1_source\App\Controllers\Client\Product_DetailController.php:18
Stack trace:
#0 D:\Dự án 1\Xalanh_duan1_source\Xalanh_duan1_source\App\Route.php(82): App\Controllers\Client\Product_DetailController::index()
#1 D:\Dự án 1\Xalanh_duan1_source\Xalanh_duan1_source\index.php(57): App\Route::dispatch()
#2 {main}
  thrown in D:\Dự án 1\Xalanh_duan1_source\Xalanh_duan1_source\App\Controllers\Client\Product_DetailController.php on line 18
[03-Nov-2024 21:18:46 Asia/Ho_Chi_Minh] PHP Fatal error:  Uncaught Error: Class "App\Views\Client\Pages\Product_Deatail\Index" not found in D:\Dự án 1\Xalanh_duan1_source\Xalanh_duan1_source\App\Controllers\Client\Product_DetailController.php:18
Stack trace:
#0 D:\Dự án 1\Xalanh_duan1_source\Xalanh_duan1_source\App\Route.php(82): App\Controllers\Client\Product_DetailController::index()
#1 D:\Dự án 1\Xalanh_duan1_source\Xalanh_duan1_source\index.php(57): App\Route::dispatch()
#2 {main}
  thrown in D:\Dự án 1\Xalanh_duan1_source\Xalanh_duan1_source\App\Controllers\Client\Product_DetailController.php on line 18
[03-Nov-2024 21:22:00 Asia/Ho_Chi_Minh] PHP Fatal error:  Uncaught Error: Class "App\Views\Client\Pages\Product_Deatail\Index" not found in D:\Dự án 1\Xalanh_duan1_source\Xalanh_duan1_source\App\Controllers\Client\Product_DetailController.php:18
Stack trace:
#0 D:\Dự án 1\Xalanh_duan1_source\Xalanh_duan1_source\App\Route.php(82): App\Controllers\Client\Product_DetailController::index()
#1 D:\Dự án 1\Xalanh_duan1_source\Xalanh_duan1_source\index.php(57): App\Route::dispatch()
#2 {main}
  thrown in D:\Dự án 1\Xalanh_duan1_source\Xalanh_duan1_source\App\Controllers\Client\Product_DetailController.php on line 18
[03-Nov-2024 21:24:37 Asia/Ho_Chi_Minh] PHP Fatal error:  Uncaught Error: Class "App\Views\Client\Pages\Product_Deatail\Index" not found in D:\Dự án 1\Xalanh_duan1_source\Xalanh_duan1_source\App\Controllers\Client\Product_DetailController.php:18
Stack trace:
#0 D:\Dự án 1\Xalanh_duan1_source\Xalanh_duan1_source\App\Route.php(82): App\Controllers\Client\Product_DetailController::index()
#1 D:\Dự án 1\Xalanh_duan1_source\Xalanh_duan1_source\index.php(57): App\Route::dispatch()
#2 {main}
  thrown in D:\Dự án 1\Xalanh_duan1_source\Xalanh_duan1_source\App\Controllers\Client\Product_DetailController.php on line 18
[03-Nov-2024 21:26:18 Asia/Ho_Chi_Minh] PHP Fatal error:  Uncaught Error: Class "App\Views\Client\Pages\Product_Deatail\Index" not found in D:\Dự án 1\Xalanh_duan1_source\Xalanh_duan1_source\App\Controllers\Client\Product_DetailController.php:18
Stack trace:
#0 D:\Dự án 1\Xalanh_duan1_source\Xalanh_duan1_source\App\Route.php(82): App\Controllers\Client\Product_DetailController::index()
#1 D:\Dự án 1\Xalanh_duan1_source\Xalanh_duan1_source\index.php(57): App\Route::dispatch()
#2 {main}
  thrown in D:\Dự án 1\Xalanh_duan1_source\Xalanh_duan1_source\App\Controllers\Client\Product_DetailController.php on line 18
[03-Nov-2024 21:27:38 Asia/Ho_Chi_Minh] PHP Fatal error:  Uncaught Error: Class "App\Views\Client\Pages\Product_Deatail\Index" not found in D:\Dự án 1\Xalanh_duan1_source\Xalanh_duan1_source\App\Controllers\Client\Product_DetailController.php:18
Stack trace:
#0 D:\Dự án 1\Xalanh_duan1_source\Xalanh_duan1_source\App\Route.php(82): App\Controllers\Client\Product_DetailController::index()
#1 D:\Dự án 1\Xalanh_duan1_source\Xalanh_duan1_source\index.php(57): App\Route::dispatch()
#2 {main}
  thrown in D:\Dự án 1\Xalanh_duan1_source\Xalanh_duan1_source\App\Controllers\Client\Product_DetailController.php on line 18
[03-Nov-2024 21:31:18 Asia/Ho_Chi_Minh] PHP Fatal error:  Uncaught Error: Class "App\Views\Client\Pages\Product_Deatail\Index" not found in D:\Dự án 1\Xalanh_duan1_source\Xalanh_duan1_source\App\Controllers\Client\Product_DetailController.php:18
Stack trace:
#0 D:\Dự án 1\Xalanh_duan1_source\Xalanh_duan1_source\App\Route.php(82): App\Controllers\Client\Product_DetailController::index()
#1 D:\Dự án 1\Xalanh_duan1_source\Xalanh_duan1_source\index.php(57): App\Route::dispatch()
#2 {main}
  thrown in D:\Dự án 1\Xalanh_duan1_source\Xalanh_duan1_source\App\Controllers\Client\Product_DetailController.php on line 18
[03-Nov-2024 21:32:51 Asia/Ho_Chi_Minh] PHP Fatal error:  Uncaught Error: Class "App\Views\Client\Pages\Product_Deatail\Index" not found in D:\Dự án 1\Xalanh_duan1_source\Xalanh_duan1_source\App\Controllers\Client\Product_DetailController.php:18
Stack trace:
#0 D:\Dự án 1\Xalanh_duan1_source\Xalanh_duan1_source\App\Route.php(82): App\Controllers\Client\Product_DetailController::index()
#1 D:\Dự án 1\Xalanh_duan1_source\Xalanh_duan1_source\index.php(57): App\Route::dispatch()
#2 {main}
  thrown in D:\Dự án 1\Xalanh_duan1_source\Xalanh_duan1_source\App\Controllers\Client\Product_DetailController.php on line 18
[03-Nov-2024 21:36:57 Asia/Ho_Chi_Minh] PHP Fatal error:  Uncaught Error: Class "App\Views\Client\Pages\Product_Deatail\Index" not found in D:\Dự án 1\Xalanh_duan1_source\Xalanh_duan1_source\App\Controllers\Client\Product_DetailController.php:18
Stack trace:
#0 D:\Dự án 1\Xalanh_duan1_source\Xalanh_duan1_source\App\Route.php(82): App\Controllers\Client\Product_DetailController::index()
#1 D:\Dự án 1\Xalanh_duan1_source\Xalanh_duan1_source\index.php(57): App\Route::dispatch()
#2 {main}
  thrown in D:\Dự án 1\Xalanh_duan1_source\Xalanh_duan1_source\App\Controllers\Client\Product_DetailController.php on line 18
[03-Nov-2024 21:44:36 Asia/Ho_Chi_Minh] PHP Fatal error:  Uncaught Error: Class "App\Controllers\Client\Product_DetailController" not found in D:\Dự án 1\Xalanh_duan1_source\Xalanh_duan1_source\App\Route.php:79
Stack trace:
#0 D:\Dự án 1\Xalanh_duan1_source\Xalanh_duan1_source\index.php(57): App\Route::dispatch()
#1 {main}
  thrown in D:\Dự án 1\Xalanh_duan1_source\Xalanh_duan1_source\App\Route.php on line 79
[03-Nov-2024 22:06:16 Asia/Ho_Chi_Minh] PHP Fatal error:  Uncaught Error: Class "App\Controllers\Client\Product_DetailController" not found in D:\Dự án 1\Xalanh_duan1_source\Xalanh_duan1_source\App\Route.php:79
Stack trace:
#0 D:\Dự án 1\Xalanh_duan1_source\Xalanh_duan1_source\index.php(57): App\Route::dispatch()
#1 {main}
  thrown in D:\Dự án 1\Xalanh_duan1_source\Xalanh_duan1_source\App\Route.php on line 79
[03-Nov-2024 22:07:22 Asia/Ho_Chi_Minh] PHP Fatal error:  Uncaught Error: Class "App\Views\Client\Pages\Product_Deatail\Index" not found in D:\Dự án 1\Xalanh_duan1_source\Xalanh_duan1_source\App\Controllers\Client\Product_DeatailController.php:18
Stack trace:
#0 D:\Dự án 1\Xalanh_duan1_source\Xalanh_duan1_source\App\Route.php(82): App\Controllers\Client\Product_DeatailController::index()
#1 D:\Dự án 1\Xalanh_duan1_source\Xalanh_duan1_source\index.php(57): App\Route::dispatch()
#2 {main}
  thrown in D:\Dự án 1\Xalanh_duan1_source\Xalanh_duan1_source\App\Controllers\Client\Product_DeatailController.php on line 18
[03-Nov-2024 22:08:19 Asia/Ho_Chi_Minh] PHP Fatal error:  Uncaught Error: Class "App\Views\Client\Pages\Product_Deatail\Index" not found in D:\Dự án 1\Xalanh_duan1_source\Xalanh_duan1_source\App\Controllers\Client\Product_DeatailController.php:18
Stack trace:
#0 D:\Dự án 1\Xalanh_duan1_source\Xalanh_duan1_source\App\Route.php(82): App\Controllers\Client\Product_DeatailController::index()
#1 D:\Dự án 1\Xalanh_duan1_source\Xalanh_duan1_source\index.php(57): App\Route::dispatch()
#2 {main}
  thrown in D:\Dự án 1\Xalanh_duan1_source\Xalanh_duan1_source\App\Controllers\Client\Product_DeatailController.php on line 18
[03-Nov-2024 22:18:27 Asia/Ho_Chi_Minh] PHP Fatal error:  Uncaught Error: Class "App\Views\Client\Pages\Product_Deatail\Index" not found in D:\Dự án 1\Xalanh_duan1_source\Xalanh_duan1_source\App\Controllers\Client\Product_DeatailController.php:18
Stack trace:
#0 D:\Dự án 1\Xalanh_duan1_source\Xalanh_duan1_source\App\Route.php(82): App\Controllers\Client\Product_DeatailController::index()
#1 D:\Dự án 1\Xalanh_duan1_source\Xalanh_duan1_source\index.php(57): App\Route::dispatch()
#2 {main}
  thrown in D:\Dự án 1\Xalanh_duan1_source\Xalanh_duan1_source\App\Controllers\Client\Product_DeatailController.php on line 18
[03-Nov-2024 22:18:33 Asia/Ho_Chi_Minh] PHP Fatal error:  Uncaught Error: Class "App\Views\Client\Pages\Product_Deatail\Index" not found in D:\Dự án 1\Xalanh_duan1_source\Xalanh_duan1_source\App\Controllers\Client\Product_DeatailController.php:18
Stack trace:
#0 D:\Dự án 1\Xalanh_duan1_source\Xalanh_duan1_source\App\Route.php(82): App\Controllers\Client\Product_DeatailController::index()
#1 D:\Dự án 1\Xalanh_duan1_source\Xalanh_duan1_source\index.php(57): App\Route::dispatch()
#2 {main}
  thrown in D:\Dự án 1\Xalanh_duan1_source\Xalanh_duan1_source\App\Controllers\Client\Product_DeatailController.php on line 18
[03-Nov-2024 22:20:23 Asia/Ho_Chi_Minh] PHP Fatal error:  Uncaught Error: Class "App\Views\Client\Pages\Product_Deatail\Index" not found in D:\Dự án 1\Xalanh_duan1_source\Xalanh_duan1_source\App\Controllers\Client\Product_DeatailController.php:18
Stack trace:
#0 D:\Dự án 1\Xalanh_duan1_source\Xalanh_duan1_source\App\Route.php(82): App\Controllers\Client\Product_DeatailController::index()
#1 D:\Dự án 1\Xalanh_duan1_source\Xalanh_duan1_source\index.php(57): App\Route::dispatch()
#2 {main}
  thrown in D:\Dự án 1\Xalanh_duan1_source\Xalanh_duan1_source\App\Controllers\Client\Product_DeatailController.php on line 18
[03-Nov-2024 22:22:48 Asia/Ho_Chi_Minh] PHP Fatal error:  Uncaught Error: Class "App\Views\Client\Pages\Product_Deatail\Index" not found in D:\Dự án 1\Xalanh_duan1_source\Xalanh_duan1_source\App\Controllers\Client\Product_DeatailController.php:18
Stack trace:
#0 D:\Dự án 1\Xalanh_duan1_source\Xalanh_duan1_source\App\Route.php(82): App\Controllers\Client\Product_DeatailController::index()
#1 D:\Dự án 1\Xalanh_duan1_source\Xalanh_duan1_source\index.php(57): App\Route::dispatch()
#2 {main}
  thrown in D:\Dự án 1\Xalanh_duan1_source\Xalanh_duan1_source\App\Controllers\Client\Product_DeatailController.php on line 18
[03-Nov-2024 22:29:44 Asia/Ho_Chi_Minh] PHP Fatal error:  Uncaught Error: Class "App\Controllers\Client\Product_DeatailController" not found in D:\Dự án 1\Xalanh_duan1_source\Xalanh_duan1_source\App\Route.php:79
Stack trace:
#0 D:\Dự án 1\Xalanh_duan1_source\Xalanh_duan1_source\index.php(57): App\Route::dispatch()
#1 {main}
  thrown in D:\Dự án 1\Xalanh_duan1_source\Xalanh_duan1_source\App\Route.php on line 79
[03-Nov-2024 23:21:40 Asia/Ho_Chi_Minh] PHP Warning:  Undefined array key 1 in D:\Dự án 1\Xalanh_duan1_source\Xalanh_duan1_source\App\Route.php on line 76
[03-Nov-2024 23:21:40 Asia/Ho_Chi_Minh] PHP Fatal error:  Uncaught Error: Method name must be a string in D:\Dự án 1\Xalanh_duan1_source\Xalanh_duan1_source\App\Route.php:82
Stack trace:
#0 D:\Dự án 1\Xalanh_duan1_source\Xalanh_duan1_source\index.php(65): App\Route::dispatch()
#1 {main}
  thrown in D:\Dự án 1\Xalanh_duan1_source\Xalanh_duan1_source\App\Route.php on line 82
[06-Nov-2024 20:20:53 Asia/Ho_Chi_Minh] Lỗi khi thêm dữ liệu: Data too long for column 'password' at row 1
[06-Nov-2024 20:24:54 Asia/Ho_Chi_Minh] Lỗi khi thêm dữ liệu: Data too long for column 'password' at row 1
[06-Nov-2024 20:25:03 Asia/Ho_Chi_Minh] Lỗi khi thêm dữ liệu: Data too long for column 'password' at row 1
[06-Nov-2024 20:27:07 Asia/Ho_Chi_Minh] Lỗi khi thêm dữ liệu: Data too long for column 'password' at row 1
[06-Nov-2024 20:33:35 Asia/Ho_Chi_Minh] Lỗi khi thêm dữ liệu: Field 'avatar' doesn't have a default value
[06-Nov-2024 23:35:08 Asia/Ho_Chi_Minh] PHP Warning:  Undefined array key "email" in D:\Dự án 1\PKTT_duan1_source\PKTT_duan1_source\App\Controllers\Client\AuthController.php on line 86
[06-Nov-2024 23:36:13 Asia/Ho_Chi_Minh] PHP Warning:  Undefined array key "email" in D:\Dự án 1\PKTT_duan1_source\PKTT_duan1_source\App\Controllers\Client\AuthController.php on line 85
[07-Nov-2024 00:03:36 Asia/Ho_Chi_Minh] PHP Warning:  Undefined array key "remember" in D:\Dự án 1\PKTT_duan1_source\PKTT_duan1_source\App\Helpers\AuthHelper.php on line 38
[07-Nov-2024 00:03:36 Asia/Ho_Chi_Minh] PHP Warning:  Undefined array key "id" in D:\Dự án 1\PKTT_duan1_source\PKTT_duan1_source\App\Helpers\AuthHelper.php on line 44
[07-Nov-2024 00:03:36 Asia/Ho_Chi_Minh] PHP Fatal error:  Uncaught TypeError: App\Helpers\AuthHelper::updateSession(): Argument #1 ($id) must be of type int, null given, called in D:\Dự án 1\PKTT_duan1_source\PKTT_duan1_source\App\Helpers\AuthHelper.php on line 44 and defined in D:\Dự án 1\PKTT_duan1_source\PKTT_duan1_source\App\Helpers\AuthHelper.php:68
Stack trace:
#0 D:\Dự án 1\PKTT_duan1_source\PKTT_duan1_source\App\Helpers\AuthHelper.php(44): App\Helpers\AuthHelper::updateSession()
#1 D:\Dự án 1\PKTT_duan1_source\PKTT_duan1_source\App\Controllers\Client\AuthController.php(88): App\Helpers\AuthHelper::login()
#2 D:\Dự án 1\PKTT_duan1_source\PKTT_duan1_source\App\Route.php(82): App\Controllers\Client\AuthController::loginAction()
#3 D:\Dự án 1\PKTT_duan1_source\PKTT_duan1_source\index.php(74): App\Route::dispatch()
#4 {main}
  thrown in D:\Dự án 1\PKTT_duan1_source\PKTT_duan1_source\App\Helpers\AuthHelper.php on line 68
[07-Nov-2024 00:04:46 Asia/Ho_Chi_Minh] PHP Warning:  Undefined array key "id" in D:\Dự án 1\PKTT_duan1_source\PKTT_duan1_source\App\Helpers\AuthHelper.php on line 44
[07-Nov-2024 00:04:46 Asia/Ho_Chi_Minh] PHP Fatal error:  Uncaught TypeError: App\Helpers\AuthHelper::updateSession(): Argument #1 ($id) must be of type int, null given, called in D:\Dự án 1\PKTT_duan1_source\PKTT_duan1_source\App\Helpers\AuthHelper.php on line 44 and defined in D:\Dự án 1\PKTT_duan1_source\PKTT_duan1_source\App\Helpers\AuthHelper.php:68
Stack trace:
#0 D:\Dự án 1\PKTT_duan1_source\PKTT_duan1_source\App\Helpers\AuthHelper.php(44): App\Helpers\AuthHelper::updateSession()
#1 D:\Dự án 1\PKTT_duan1_source\PKTT_duan1_source\App\Controllers\Client\AuthController.php(89): App\Helpers\AuthHelper::login()
#2 D:\Dự án 1\PKTT_duan1_source\PKTT_duan1_source\App\Route.php(82): App\Controllers\Client\AuthController::loginAction()
#3 D:\Dự án 1\PKTT_duan1_source\PKTT_duan1_source\index.php(74): App\Route::dispatch()
#4 {main}
  thrown in D:\Dự án 1\PKTT_duan1_source\PKTT_duan1_source\App\Helpers\AuthHelper.php on line 68
[07-Nov-2024 00:09:11 Asia/Ho_Chi_Minh] PHP Fatal error:  Uncaught Error: Call to undefined method App\Controllers\Client\AuthController::loginAction() in D:\Dự án 1\PKTT_duan1_source\PKTT_duan1_source\App\Route.php:82
Stack trace:
#0 D:\Dự án 1\PKTT_duan1_source\PKTT_duan1_source\index.php(74): App\Route::dispatch()
#1 {main}
  thrown in D:\Dự án 1\PKTT_duan1_source\PKTT_duan1_source\App\Route.php on line 82
[07-Nov-2024 00:09:31 Asia/Ho_Chi_Minh] PHP Fatal error:  Uncaught Error: Call to undefined method App\Controllers\Client\AuthController::loginAction() in D:\Dự án 1\PKTT_duan1_source\PKTT_duan1_source\App\Route.php:82
Stack trace:
#0 D:\Dự án 1\PKTT_duan1_source\PKTT_duan1_source\index.php(74): App\Route::dispatch()
#1 {main}
  thrown in D:\Dự án 1\PKTT_duan1_source\PKTT_duan1_source\App\Route.php on line 82
[07-Nov-2024 00:09:57 Asia/Ho_Chi_Minh] PHP Fatal error:  Uncaught Error: Call to undefined method App\Controllers\Client\AuthController::loginAction() in D:\Dự án 1\PKTT_duan1_source\PKTT_duan1_source\App\Route.php:82
Stack trace:
#0 D:\Dự án 1\PKTT_duan1_source\PKTT_duan1_source\index.php(74): App\Route::dispatch()
#1 {main}
  thrown in D:\Dự án 1\PKTT_duan1_source\PKTT_duan1_source\App\Route.php on line 82
[07-Nov-2024 14:16:24 Asia/Ho_Chi_Minh] Lỗi khi hiển thị chi tiết dữ liệu: No connection could be made because the target machine actively refused it
[07-Nov-2024 14:16:26 Asia/Ho_Chi_Minh] Lỗi khi thêm dữ liệu: No connection could be made because the target machine actively refused it
[09-Nov-2024 17:13:48 Asia/Ho_Chi_Minh] Lỗi khi hiển thị chi tiết dữ liệu: No connection could be made because the target machine actively refused it
[09-Nov-2024 17:25:11 Asia/Ho_Chi_Minh] PHP Fatal error:  Uncaught mysqli_sql_exception: No connection could be made because the target machine actively refused it in D:\Dự án 1\PKTT_duan1_source\PKTT_duan1_source\App\Models\Database.php:53
Stack trace:
#0 D:\Dự án 1\PKTT_duan1_source\PKTT_duan1_source\App\Models\Database.php(53): mysqli->__construct()
#1 D:\Dự án 1\PKTT_duan1_source\PKTT_duan1_source\App\Models\BaseModel.php(129): App\Models\Database->MySQLi()
#2 D:\Dự án 1\PKTT_duan1_source\PKTT_duan1_source\App\Models\Category.php(34): App\Models\BaseModel->getAllByStatus()
#3 D:\Dự án 1\PKTT_duan1_source\PKTT_duan1_source\App\Controllers\Client\ProductController.php(23): App\Models\Category->getAllCategoryByStatus()
#4 D:\Dự án 1\PKTT_duan1_source\PKTT_duan1_source\App\Route.php(82): App\Controllers\Client\ProductController::index()
#5 D:\Dự án 1\PKTT_duan1_source\PKTT_duan1_source\index.php(72): App\Route::dispatch()
#6 {main}
  thrown in D:\Dự án 1\PKTT_duan1_source\PKTT_duan1_source\App\Models\Database.php on line 53
[09-Nov-2024 17:52:20 Asia/Ho_Chi_Minh] PHP Fatal error:  Uncaught mysqli_sql_exception: No connection could be made because the target machine actively refused it in D:\Dự án 1\PKTT_duan1_source\PKTT_duan1_source\App\Models\Database.php:53
Stack trace:
#0 D:\Dự án 1\PKTT_duan1_source\PKTT_duan1_source\App\Models\Database.php(53): mysqli->__construct()
#1 D:\Dự án 1\PKTT_duan1_source\PKTT_duan1_source\App\Models\BaseModel.php(129): App\Models\Database->MySQLi()
#2 D:\Dự án 1\PKTT_duan1_source\PKTT_duan1_source\App\Models\Category.php(34): App\Models\BaseModel->getAllByStatus()
#3 D:\Dự án 1\PKTT_duan1_source\PKTT_duan1_source\App\Controllers\Client\ProductController.php(23): App\Models\Category->getAllCategoryByStatus()
#4 D:\Dự án 1\PKTT_duan1_source\PKTT_duan1_source\App\Route.php(82): App\Controllers\Client\ProductController::index()
#5 D:\Dự án 1\PKTT_duan1_source\PKTT_duan1_source\index.php(73): App\Route::dispatch()
#6 {main}
  thrown in D:\Dự án 1\PKTT_duan1_source\PKTT_duan1_source\App\Models\Database.php on line 53
[09-Nov-2024 17:52:27 Asia/Ho_Chi_Minh] PHP Fatal error:  Uncaught mysqli_sql_exception: No connection could be made because the target machine actively refused it in D:\Dự án 1\PKTT_duan1_source\PKTT_duan1_source\App\Models\Database.php:53
Stack trace:
#0 D:\Dự án 1\PKTT_duan1_source\PKTT_duan1_source\App\Models\Database.php(53): mysqli->__construct()
#1 D:\Dự án 1\PKTT_duan1_source\PKTT_duan1_source\App\Models\BaseModel.php(129): App\Models\Database->MySQLi()
#2 D:\Dự án 1\PKTT_duan1_source\PKTT_duan1_source\App\Models\Category.php(34): App\Models\BaseModel->getAllByStatus()
#3 D:\Dự án 1\PKTT_duan1_source\PKTT_duan1_source\App\Controllers\Client\ProductController.php(23): App\Models\Category->getAllCategoryByStatus()
#4 D:\Dự án 1\PKTT_duan1_source\PKTT_duan1_source\App\Route.php(82): App\Controllers\Client\ProductController::index()
#5 D:\Dự án 1\PKTT_duan1_source\PKTT_duan1_source\index.php(73): App\Route::dispatch()
#6 {main}
  thrown in D:\Dự án 1\PKTT_duan1_source\PKTT_duan1_source\App\Models\Database.php on line 53
[10-Nov-2024 00:01:43 Asia/Ho_Chi_Minh] PHP Fatal error:  Uncaught mysqli_sql_exception: No connection could be made because the target machine actively refused it in D:\Dự án 1\PKTT_duan1_source\PKTT_duan1_source\App\Models\Database.php:53
Stack trace:
#0 D:\Dự án 1\PKTT_duan1_source\PKTT_duan1_source\App\Models\Database.php(53): mysqli->__construct()
#1 D:\Dự án 1\PKTT_duan1_source\PKTT_duan1_source\App\Models\BaseModel.php(129): App\Models\Database->MySQLi()
#2 D:\Dự án 1\PKTT_duan1_source\PKTT_duan1_source\App\Models\Category.php(34): App\Models\BaseModel->getAllByStatus()
#3 D:\Dự án 1\PKTT_duan1_source\PKTT_duan1_source\App\Controllers\Client\ProductController.php(23): App\Models\Category->getAllCategoryByStatus()
#4 D:\Dự án 1\PKTT_duan1_source\PKTT_duan1_source\App\Route.php(82): App\Controllers\Client\ProductController::index()
#5 D:\Dự án 1\PKTT_duan1_source\PKTT_duan1_source\index.php(73): App\Route::dispatch()
#6 {main}
  thrown in D:\Dự án 1\PKTT_duan1_source\PKTT_duan1_source\App\Models\Database.php on line 53
[10-Nov-2024 09:10:35 Asia/Ho_Chi_Minh] PHP Fatal error:  Uncaught mysqli_sql_exception: No connection could be made because the target machine actively refused it in D:\Dự án 1\PKTT_duan1_source\PKTT_duan1_source\App\Models\Database.php:53
Stack trace:
#0 D:\Dự án 1\PKTT_duan1_source\PKTT_duan1_source\App\Models\Database.php(53): mysqli->__construct()
#1 D:\Dự án 1\PKTT_duan1_source\PKTT_duan1_source\App\Models\BaseModel.php(129): App\Models\Database->MySQLi()
#2 D:\Dự án 1\PKTT_duan1_source\PKTT_duan1_source\App\Models\Category.php(34): App\Models\BaseModel->getAllByStatus()
#3 D:\Dự án 1\PKTT_duan1_source\PKTT_duan1_source\App\Controllers\Client\ProductController.php(23): App\Models\Category->getAllCategoryByStatus()
#4 D:\Dự án 1\PKTT_duan1_source\PKTT_duan1_source\App\Route.php(82): App\Controllers\Client\ProductController::index()
#5 D:\Dự án 1\PKTT_duan1_source\PKTT_duan1_source\index.php(73): App\Route::dispatch()
#6 {main}
  thrown in D:\Dự án 1\PKTT_duan1_source\PKTT_duan1_source\App\Models\Database.php on line 53
[10-Nov-2024 09:11:04 Asia/Ho_Chi_Minh] PHP Fatal error:  Uncaught mysqli_sql_exception: No connection could be made because the target machine actively refused it in D:\Dự án 1\PKTT_duan1_source\PKTT_duan1_source\App\Models\Database.php:53
Stack trace:
#0 D:\Dự án 1\PKTT_duan1_source\PKTT_duan1_source\App\Models\Database.php(53): mysqli->__construct()
#1 D:\Dự án 1\PKTT_duan1_source\PKTT_duan1_source\App\Models\BaseModel.php(129): App\Models\Database->MySQLi()
#2 D:\Dự án 1\PKTT_duan1_source\PKTT_duan1_source\App\Models\Category.php(34): App\Models\BaseModel->getAllByStatus()
#3 D:\Dự án 1\PKTT_duan1_source\PKTT_duan1_source\App\Controllers\Client\ProductController.php(23): App\Models\Category->getAllCategoryByStatus()
#4 D:\Dự án 1\PKTT_duan1_source\PKTT_duan1_source\App\Route.php(82): App\Controllers\Client\ProductController::index()
#5 D:\Dự án 1\PKTT_duan1_source\PKTT_duan1_source\index.php(73): App\Route::dispatch()
#6 {main}
  thrown in D:\Dự án 1\PKTT_duan1_source\PKTT_duan1_source\App\Models\Database.php on line 53
[11-Nov-2024 12:21:42 Asia/Ho_Chi_Minh] PHP Fatal error:  Uncaught mysqli_sql_exception: No connection could be made because the target machine actively refused it in D:\Dự án 1\PKTT_duan1_source\PKTT_duan1_source\App\Models\Database.php:53
Stack trace:
#0 D:\Dự án 1\PKTT_duan1_source\PKTT_duan1_source\App\Models\Database.php(53): mysqli->__construct()
#1 D:\Dự án 1\PKTT_duan1_source\PKTT_duan1_source\App\Models\BaseModel.php(129): App\Models\Database->MySQLi()
#2 D:\Dự án 1\PKTT_duan1_source\PKTT_duan1_source\App\Models\Product.php(34): App\Models\BaseModel->getAllByStatus()
#3 D:\Dự án 1\PKTT_duan1_source\PKTT_duan1_source\App\Controllers\Client\ProductController.php(24): App\Models\Product->getAllProductByStatus()
#4 D:\Dự án 1\PKTT_duan1_source\PKTT_duan1_source\App\Route.php(82): App\Controllers\Client\ProductController::index()
#5 D:\Dự án 1\PKTT_duan1_source\PKTT_duan1_source\index.php(73): App\Route::dispatch()
#6 {main}
  thrown in D:\Dự án 1\PKTT_duan1_source\PKTT_duan1_source\App\Models\Database.php on line 53
[12-Nov-2024 17:54:06 Asia/Ho_Chi_Minh] Lỗi khi hiển thị tất cả dữ liệu: No connection could be made because the target machine actively refused it
[12-Nov-2024 17:54:39 Asia/Ho_Chi_Minh] Lỗi khi hiển thị tất cả dữ liệu: No connection could be made because the target machine actively refused it
[13-Nov-2024 15:38:28 Asia/Ho_Chi_Minh] Lỗi khi hiển thị tất cả dữ liệu: No connection could be made because the target machine actively refused it
[13-Nov-2024 15:40:29 Asia/Ho_Chi_Minh] PHP Warning:  Undefined array key "address" in D:\Dự án 1\PKTT_duan1_source\PKTT_duan1_source\App\Views\Admin\Pages\User\Index.php on line 53
[13-Nov-2024 15:40:29 Asia/Ho_Chi_Minh] PHP Warning:  Undefined array key "address" in D:\Dự án 1\PKTT_duan1_source\PKTT_duan1_source\App\Views\Admin\Pages\User\Index.php on line 53
[13-Nov-2024 15:40:29 Asia/Ho_Chi_Minh] PHP Warning:  Undefined array key "address" in D:\Dự án 1\PKTT_duan1_source\PKTT_duan1_source\App\Views\Admin\Pages\User\Index.php on line 53
[13-Nov-2024 15:40:29 Asia/Ho_Chi_Minh] PHP Warning:  Undefined array key "address" in D:\Dự án 1\PKTT_duan1_source\PKTT_duan1_source\App\Views\Admin\Pages\User\Index.php on line 53
[13-Nov-2024 15:40:29 Asia/Ho_Chi_Minh] PHP Warning:  Undefined array key "address" in D:\Dự án 1\PKTT_duan1_source\PKTT_duan1_source\App\Views\Admin\Pages\User\Index.php on line 53
[13-Nov-2024 15:44:27 Asia/Ho_Chi_Minh] Lỗi khi hiển thị chi tiết dữ liệu: Unknown column 'user_id' in 'where clause'
[13-Nov-2024 15:44:30 Asia/Ho_Chi_Minh] Lỗi khi hiển thị chi tiết dữ liệu: Unknown column 'user_id' in 'where clause'
[13-Nov-2024 15:44:54 Asia/Ho_Chi_Minh] Lỗi khi hiển thị chi tiết dữ liệu: Unknown column 'user_id' in 'where clause'
[13-Nov-2024 15:46:33 Asia/Ho_Chi_Minh] Lỗi khi hiển thị chi tiết dữ liệu: Unknown column 'user_id' in 'where clause'
[13-Nov-2024 15:46:38 Asia/Ho_Chi_Minh] Lỗi khi hiển thị chi tiết dữ liệu: Unknown column 'user_id' in 'where clause'
[13-Nov-2024 15:47:14 Asia/Ho_Chi_Minh] Lỗi khi xóa dữ liệu: Unknown column 'user_id' in 'where clause'
[13-Nov-2024 15:47:30 Asia/Ho_Chi_Minh] Lỗi khi xóa dữ liệu: Unknown column 'user_id' in 'where clause'
[13-Nov-2024 16:02:27 Asia/Ho_Chi_Minh] PHP Warning:  foreach() argument must be of type array|object, null given in D:\Dự án 1\PKTT_duan1_source\PKTT_duan1_source\App\Views\Admin\Pages\Product\Index.php on line 45
[13-Nov-2024 16:04:27 Asia/Ho_Chi_Minh] PHP Fatal error:  Uncaught TypeError: count(): Argument #1 ($value) must be of type Countable|array, null given in D:\Dự án 1\PKTT_duan1_source\PKTT_duan1_source\App\Views\Admin\Pages\Product\Index.php:29
Stack trace:
#0 D:\Dự án 1\PKTT_duan1_source\PKTT_duan1_source\App\Views\Admin\Pages\Product\Index.php(29): count()
#1 D:\Dự án 1\PKTT_duan1_source\PKTT_duan1_source\App\Controllers\Admin\ProductController.php(15): App\Views\Admin\Pages\Product\Index::render()
#2 D:\Dự án 1\PKTT_duan1_source\PKTT_duan1_source\App\Route.php(82): App\Controllers\Admin\ProductController::index()
#3 D:\Dự án 1\PKTT_duan1_source\PKTT_duan1_source\index.php(131): App\Route::dispatch()
#4 {main}
  thrown in D:\Dự án 1\PKTT_duan1_source\PKTT_duan1_source\App\Views\Admin\Pages\Product\Index.php on line 29
[13-Nov-2024 16:19:57 Asia/Ho_Chi_Minh] PHP Warning:  foreach() argument must be of type array|object, null given in D:\Dự án 1\PKTT_duan1_source\PKTT_duan1_source\App\Views\Admin\Pages\Product\Create.php on line 58
[13-Nov-2024 16:36:41 Asia/Ho_Chi_Minh] PHP Fatal error:  Uncaught Error: Call to undefined method App\Controllers\Admin\ProductController::edit() in D:\Dự án 1\PKTT_duan1_source\PKTT_duan1_source\App\Route.php:104
Stack trace:
#0 D:\Dự án 1\PKTT_duan1_source\PKTT_duan1_source\index.php(131): App\Route::dispatch()
#1 {main}
  thrown in D:\Dự án 1\PKTT_duan1_source\PKTT_duan1_source\App\Route.php on line 104
[13-Nov-2024 16:43:26 Asia/Ho_Chi_Minh] Lỗi khi thêm dữ liệu: Field 'stock' doesn't have a default value
[13-Nov-2024 17:03:33 Asia/Ho_Chi_Minh] Lỗi khi thêm dữ liệu: Unknown column 'image' in 'field list'
[13-Nov-2024 17:08:02 Asia/Ho_Chi_Minh] Lỗi khi thêm dữ liệu: Field 'quantity' doesn't have a default value
[13-Nov-2024 17:13:05 Asia/Ho_Chi_Minh] PHP Warning:  Undefined array key "img" in D:\Dự án 1\PKTT_duan1_source\PKTT_duan1_source\App\Views\Client\Pages\Product\Index.php on line 398
[13-Nov-2024 17:13:05 Asia/Ho_Chi_Minh] PHP Warning:  Undefined array key "img" in D:\Dự án 1\PKTT_duan1_source\PKTT_duan1_source\App\Views\Client\Pages\Product\Index.php on line 398
[13-Nov-2024 17:13:05 Asia/Ho_Chi_Minh] PHP Warning:  Undefined array key "img" in D:\Dự án 1\PKTT_duan1_source\PKTT_duan1_source\App\Views\Client\Pages\Product\Index.php on line 398
[13-Nov-2024 17:13:05 Asia/Ho_Chi_Minh] PHP Warning:  Undefined array key "img" in D:\Dự án 1\PKTT_duan1_source\PKTT_duan1_source\App\Views\Client\Pages\Product\Index.php on line 398
[13-Nov-2024 17:13:05 Asia/Ho_Chi_Minh] PHP Warning:  Undefined array key "img" in D:\Dự án 1\PKTT_duan1_source\PKTT_duan1_source\App\Views\Client\Pages\Product\Index.php on line 398
[13-Nov-2024 17:13:05 Asia/Ho_Chi_Minh] PHP Warning:  Undefined array key "img" in D:\Dự án 1\PKTT_duan1_source\PKTT_duan1_source\App\Views\Client\Pages\Product\Index.php on line 398
[13-Nov-2024 17:13:05 Asia/Ho_Chi_Minh] PHP Warning:  Undefined array key "img" in D:\Dự án 1\PKTT_duan1_source\PKTT_duan1_source\App\Views\Client\Pages\Product\Index.php on line 398
[13-Nov-2024 17:13:05 Asia/Ho_Chi_Minh] PHP Warning:  Undefined array key "img" in D:\Dự án 1\PKTT_duan1_source\PKTT_duan1_source\App\Views\Client\Pages\Product\Index.php on line 398
[13-Nov-2024 17:13:05 Asia/Ho_Chi_Minh] PHP Warning:  Undefined array key "img" in D:\Dự án 1\PKTT_duan1_source\PKTT_duan1_source\App\Views\Client\Pages\Product\Index.php on line 398
[13-Nov-2024 17:13:05 Asia/Ho_Chi_Minh] PHP Warning:  Undefined array key "img" in D:\Dự án 1\PKTT_duan1_source\PKTT_duan1_source\App\Views\Client\Pages\Product\Index.php on line 398
[13-Nov-2024 17:13:05 Asia/Ho_Chi_Minh] PHP Warning:  Undefined array key "img" in D:\Dự án 1\PKTT_duan1_source\PKTT_duan1_source\App\Views\Client\Pages\Product\Index.php on line 398
[13-Nov-2024 17:13:05 Asia/Ho_Chi_Minh] PHP Warning:  Undefined array key "img" in D:\Dự án 1\PKTT_duan1_source\PKTT_duan1_source\App\Views\Client\Pages\Product\Index.php on line 398
[13-Nov-2024 17:13:05 Asia/Ho_Chi_Minh] PHP Warning:  Undefined array key "img" in D:\Dự án 1\PKTT_duan1_source\PKTT_duan1_source\App\Views\Client\Pages\Product\Index.php on line 398
[13-Nov-2024 17:13:05 Asia/Ho_Chi_Minh] PHP Warning:  Undefined array key "img" in D:\Dự án 1\PKTT_duan1_source\PKTT_duan1_source\App\Views\Client\Pages\Product\Index.php on line 398
[13-Nov-2024 17:13:05 Asia/Ho_Chi_Minh] PHP Warning:  Undefined array key "img" in D:\Dự án 1\PKTT_duan1_source\PKTT_duan1_source\App\Views\Client\Pages\Product\Index.php on line 398
[13-Nov-2024 17:13:05 Asia/Ho_Chi_Minh] PHP Warning:  Undefined array key "img" in D:\Dự án 1\PKTT_duan1_source\PKTT_duan1_source\App\Views\Client\Pages\Product\Index.php on line 398
[13-Nov-2024 17:13:05 Asia/Ho_Chi_Minh] PHP Warning:  Undefined array key "img" in D:\Dự án 1\PKTT_duan1_source\PKTT_duan1_source\App\Views\Client\Pages\Product\Index.php on line 398
[13-Nov-2024 17:13:05 Asia/Ho_Chi_Minh] PHP Warning:  Undefined array key "img" in D:\Dự án 1\PKTT_duan1_source\PKTT_duan1_source\App\Views\Client\Pages\Product\Index.php on line 398
[13-Nov-2024 17:13:05 Asia/Ho_Chi_Minh] PHP Warning:  Undefined array key "img" in D:\Dự án 1\PKTT_duan1_source\PKTT_duan1_source\App\Views\Client\Pages\Product\Index.php on line 398
[13-Nov-2024 17:15:27 Asia/Ho_Chi_Minh] PHP Fatal error:  Uncaught Error: Call to undefined method App\Controllers\Admin\ProductController::edit() in D:\Dự án 1\PKTT_duan1_source\PKTT_duan1_source\App\Route.php:104
Stack trace:
#0 D:\Dự án 1\PKTT_duan1_source\PKTT_duan1_source\index.php(131): App\Route::dispatch()
#1 {main}
  thrown in D:\Dự án 1\PKTT_duan1_source\PKTT_duan1_source\App\Route.php on line 104
[13-Nov-2024 19:28:49 Asia/Ho_Chi_Minh] PHP Fatal error:  Uncaught Error: Call to undefined method App\Controllers\Admin\ProductController::update() in D:\Dự án 1\PKTT_duan1_source\PKTT_duan1_source\App\Route.php:104
Stack trace:
#0 D:\Dự án 1\PKTT_duan1_source\PKTT_duan1_source\index.php(131): App\Route::dispatch()
#1 {main}
  thrown in D:\Dự án 1\PKTT_duan1_source\PKTT_duan1_source\App\Route.php on line 104
[13-Nov-2024 21:09:16 Asia/Ho_Chi_Minh] Lỗi khi thêm dữ liệu: Field 'img' doesn't have a default value
[13-Nov-2024 21:09:27 Asia/Ho_Chi_Minh] Lỗi khi thêm dữ liệu: Field 'img' doesn't have a default value
[14-Nov-2024 18:08:47 Asia/Ho_Chi_Minh] PHP Warning:  Trying to access array offset on value of type null in D:\Dự án 1\PKTT_duan1_source\PKTT_duan1_source\App\Views\Client\Pages\Product\Detail.php on line 110
[14-Nov-2024 18:08:47 Asia/Ho_Chi_Minh] PHP Warning:  Trying to access array offset on value of type null in D:\Dự án 1\PKTT_duan1_source\PKTT_duan1_source\App\Views\Client\Pages\Product\Detail.php on line 110
[14-Nov-2024 20:08:31 Asia/Ho_Chi_Minh] Lỗi khi hiển thị tất cả dữ liệu: No connection could be made because the target machine actively refused it
[14-Nov-2024 20:10:29 Asia/Ho_Chi_Minh] Lỗi khi thêm dữ liệu: Unknown column 'phone' in 'field list'
[14-Nov-2024 20:18:57 Asia/Ho_Chi_Minh] PHP Warning:  Undefined array key "user_id" in D:\Dự án 1\PKTT_duan1_source\PKTT_duan1_source\App\Helpers\AuthHelper.php on line 53
[14-Nov-2024 20:18:57 Asia/Ho_Chi_Minh] PHP Fatal error:  Uncaught TypeError: App\Helpers\AuthHelper::updateCookie(): Argument #1 ($id) must be of type int, null given, called in D:\Dự án 1\PKTT_duan1_source\PKTT_duan1_source\App\Helpers\AuthHelper.php on line 53 and defined in D:\Dự án 1\PKTT_duan1_source\PKTT_duan1_source\App\Helpers\AuthHelper.php:62
Stack trace:
#0 D:\Dự án 1\PKTT_duan1_source\PKTT_duan1_source\App\Helpers\AuthHelper.php(53): App\Helpers\AuthHelper::updateCookie()
#1 D:\Dự án 1\PKTT_duan1_source\PKTT_duan1_source\App\Controllers\Client\AuthController.php(94): App\Helpers\AuthHelper::login()
#2 D:\Dự án 1\PKTT_duan1_source\PKTT_duan1_source\App\Route.php(82): App\Controllers\Client\AuthController::loginAction()
#3 D:\Dự án 1\PKTT_duan1_source\PKTT_duan1_source\index.php(132): App\Route::dispatch()
#4 {main}
  thrown in D:\Dự án 1\PKTT_duan1_source\PKTT_duan1_source\App\Helpers\AuthHelper.php on line 62
[14-Nov-2024 20:19:31 Asia/Ho_Chi_Minh] PHP Warning:  Undefined array key "user" in D:\Dự án 1\PKTT_duan1_source\PKTT_duan1_source\App\Helpers\AuthHelper.php on line 53
[14-Nov-2024 20:19:31 Asia/Ho_Chi_Minh] PHP Fatal error:  Uncaught TypeError: App\Helpers\AuthHelper::updateCookie(): Argument #1 ($id) must be of type int, null given, called in D:\Dự án 1\PKTT_duan1_source\PKTT_duan1_source\App\Helpers\AuthHelper.php on line 53 and defined in D:\Dự án 1\PKTT_duan1_source\PKTT_duan1_source\App\Helpers\AuthHelper.php:62
Stack trace:
#0 D:\Dự án 1\PKTT_duan1_source\PKTT_duan1_source\App\Helpers\AuthHelper.php(53): App\Helpers\AuthHelper::updateCookie()
#1 D:\Dự án 1\PKTT_duan1_source\PKTT_duan1_source\App\Controllers\Client\AuthController.php(94): App\Helpers\AuthHelper::login()
#2 D:\Dự án 1\PKTT_duan1_source\PKTT_duan1_source\App\Route.php(82): App\Controllers\Client\AuthController::loginAction()
#3 D:\Dự án 1\PKTT_duan1_source\PKTT_duan1_source\index.php(132): App\Route::dispatch()
#4 {main}
  thrown in D:\Dự án 1\PKTT_duan1_source\PKTT_duan1_source\App\Helpers\AuthHelper.php on line 62
[14-Nov-2024 20:27:56 Asia/Ho_Chi_Minh] PHP Warning:  Trying to access array offset on value of type null in D:\Dự án 1\PKTT_duan1_source\PKTT_duan1_source\App\Views\Client\Pages\Product\Detail.php on line 110
[14-Nov-2024 20:27:56 Asia/Ho_Chi_Minh] PHP Warning:  Trying to access array offset on value of type null in D:\Dự án 1\PKTT_duan1_source\PKTT_duan1_source\App\Views\Client\Pages\Product\Detail.php on line 110
[14-Nov-2024 20:38:14 Asia/Ho_Chi_Minh] PHP Fatal error:  Uncaught Error: Cannot use object of type stdClass as array in D:\Dự án 1\PKTT_duan1_source\PKTT_duan1_source\App\Helpers\AuthHelper.php:97
Stack trace:
#0 D:\Dự án 1\PKTT_duan1_source\PKTT_duan1_source\App\Controllers\Client\ProductController.php(40): App\Helpers\AuthHelper::checkLogin()
#1 D:\Dự án 1\PKTT_duan1_source\PKTT_duan1_source\App\Route.php(104): App\Controllers\Client\ProductController::detail()
#2 D:\Dự án 1\PKTT_duan1_source\PKTT_duan1_source\index.php(132): App\Route::dispatch()
#3 {main}
  thrown in D:\Dự án 1\PKTT_duan1_source\PKTT_duan1_source\App\Helpers\AuthHelper.php on line 97
[14-Nov-2024 20:40:38 Asia/Ho_Chi_Minh] PHP Fatal error:  Uncaught Error: Cannot use object of type stdClass as array in D:\Dự án 1\PKTT_duan1_source\PKTT_duan1_source\App\Helpers\AuthHelper.php:97
Stack trace:
#0 D:\Dự án 1\PKTT_duan1_source\PKTT_duan1_source\App\Controllers\Client\ProductController.php(40): App\Helpers\AuthHelper::checkLogin()
#1 D:\Dự án 1\PKTT_duan1_source\PKTT_duan1_source\App\Route.php(104): App\Controllers\Client\ProductController::detail()
#2 D:\Dự án 1\PKTT_duan1_source\PKTT_duan1_source\index.php(132): App\Route::dispatch()
#3 {main}
  thrown in D:\Dự án 1\PKTT_duan1_source\PKTT_duan1_source\App\Helpers\AuthHelper.php on line 97
[14-Nov-2024 20:40:40 Asia/Ho_Chi_Minh] PHP Fatal error:  Uncaught Error: Cannot use object of type stdClass as array in D:\Dự án 1\PKTT_duan1_source\PKTT_duan1_source\App\Helpers\AuthHelper.php:97
Stack trace:
#0 D:\Dự án 1\PKTT_duan1_source\PKTT_duan1_source\App\Controllers\Client\ProductController.php(40): App\Helpers\AuthHelper::checkLogin()
#1 D:\Dự án 1\PKTT_duan1_source\PKTT_duan1_source\App\Route.php(104): App\Controllers\Client\ProductController::detail()
#2 D:\Dự án 1\PKTT_duan1_source\PKTT_duan1_source\index.php(132): App\Route::dispatch()
#3 {main}
  thrown in D:\Dự án 1\PKTT_duan1_source\PKTT_duan1_source\App\Helpers\AuthHelper.php on line 97
[14-Nov-2024 20:51:31 Asia/Ho_Chi_Minh] PHP Fatal error:  Uncaught Error: Call to undefined method App\Helpers\AuthHelper::checkLogin() in D:\Dự án 1\PKTT_duan1_source\PKTT_duan1_source\App\Views\Client\Pages\Product\Detail.php:12
Stack trace:
#0 D:\Dự án 1\PKTT_duan1_source\PKTT_duan1_source\App\Controllers\Client\ProductController.php(57): App\Views\Client\Pages\Product\Detail::render()
#1 D:\Dự án 1\PKTT_duan1_source\PKTT_duan1_source\App\Route.php(104): App\Controllers\Client\ProductController::detail()
#2 D:\Dự án 1\PKTT_duan1_source\PKTT_duan1_source\index.php(132): App\Route::dispatch()
#3 {main}
  thrown in D:\Dự án 1\PKTT_duan1_source\PKTT_duan1_source\App\Views\Client\Pages\Product\Detail.php on line 12
[14-Nov-2024 20:51:45 Asia/Ho_Chi_Minh] PHP Fatal error:  Uncaught Error: Call to undefined method App\Helpers\AuthHelper::checkLogin() in D:\Dự án 1\PKTT_duan1_source\PKTT_duan1_source\App\Views\Client\Pages\Product\Detail.php:12
Stack trace:
#0 D:\Dự án 1\PKTT_duan1_source\PKTT_duan1_source\App\Controllers\Client\ProductController.php(57): App\Views\Client\Pages\Product\Detail::render()
#1 D:\Dự án 1\PKTT_duan1_source\PKTT_duan1_source\App\Route.php(104): App\Controllers\Client\ProductController::detail()
#2 D:\Dự án 1\PKTT_duan1_source\PKTT_duan1_source\index.php(132): App\Route::dispatch()
#3 {main}
  thrown in D:\Dự án 1\PKTT_duan1_source\PKTT_duan1_source\App\Views\Client\Pages\Product\Detail.php on line 12
[14-Nov-2024 20:52:07 Asia/Ho_Chi_Minh] PHP Fatal error:  Uncaught Error: Call to undefined method App\Helpers\AuthHelper::checkLogin() in D:\Dự án 1\PKTT_duan1_source\PKTT_duan1_source\App\Views\Client\Pages\Product\Detail.php:12
Stack trace:
#0 D:\Dự án 1\PKTT_duan1_source\PKTT_duan1_source\App\Controllers\Client\ProductController.php(57): App\Views\Client\Pages\Product\Detail::render()
#1 D:\Dự án 1\PKTT_duan1_source\PKTT_duan1_source\App\Route.php(104): App\Controllers\Client\ProductController::detail()
#2 D:\Dự án 1\PKTT_duan1_source\PKTT_duan1_source\index.php(132): App\Route::dispatch()
#3 {main}
  thrown in D:\Dự án 1\PKTT_duan1_source\PKTT_duan1_source\App\Views\Client\Pages\Product\Detail.php on line 12
[14-Nov-2024 20:52:34 Asia/Ho_Chi_Minh] PHP Warning:  Undefined array key "product" in D:\Dự án 1\PKTT_duan1_source\PKTT_duan1_source\App\Views\Client\Pages\Product\Detail.php on line 112
[14-Nov-2024 20:52:34 Asia/Ho_Chi_Minh] PHP Warning:  Trying to access array offset on value of type null in D:\Dự án 1\PKTT_duan1_source\PKTT_duan1_source\App\Views\Client\Pages\Product\Detail.php on line 112
[14-Nov-2024 21:01:16 Asia/Ho_Chi_Minh] PHP Warning:  Undefined array key "description_short" in D:\Dự án 1\PKTT_duan1_source\PKTT_duan1_source\App\Views\Client\Pages\Product\Detail.php on line 135
[14-Nov-2024 21:25:17 Asia/Ho_Chi_Minh] PHP Warning:  Trying to access array offset on value of type int in D:\Dự án 1\PKTT_duan1_source\PKTT_duan1_source\App\Views\Client\Pages\Product\Detail.php on line 259
[14-Nov-2024 21:25:17 Asia/Ho_Chi_Minh] PHP Fatal error:  Uncaught TypeError: Cannot access offset of type string on string in D:\Dự án 1\PKTT_duan1_source\PKTT_duan1_source\App\Views\Client\Pages\Product\Detail.php:259
Stack trace:
#0 D:\Dự án 1\PKTT_duan1_source\PKTT_duan1_source\App\Controllers\Client\ProductController.php(57): App\Views\Client\Pages\Product\Detail::render()
#1 D:\Dự án 1\PKTT_duan1_source\PKTT_duan1_source\App\Route.php(104): App\Controllers\Client\ProductController::detail()
#2 D:\Dự án 1\PKTT_duan1_source\PKTT_duan1_source\index.php(132): App\Route::dispatch()
#3 {main}
  thrown in D:\Dự án 1\PKTT_duan1_source\PKTT_duan1_source\App\Views\Client\Pages\Product\Detail.php on line 259
[14-Nov-2024 21:26:40 Asia/Ho_Chi_Minh] PHP Warning:  Trying to access array offset on value of type int in D:\Dự án 1\PKTT_duan1_source\PKTT_duan1_source\App\Views\Client\Pages\Product\Detail.php on line 259
[14-Nov-2024 21:26:40 Asia/Ho_Chi_Minh] PHP Fatal error:  Uncaught TypeError: Cannot access offset of type string on string in D:\Dự án 1\PKTT_duan1_source\PKTT_duan1_source\App\Views\Client\Pages\Product\Detail.php:259
Stack trace:
#0 D:\Dự án 1\PKTT_duan1_source\PKTT_duan1_source\App\Controllers\Client\ProductController.php(57): App\Views\Client\Pages\Product\Detail::render()
#1 D:\Dự án 1\PKTT_duan1_source\PKTT_duan1_source\App\Route.php(104): App\Controllers\Client\ProductController::detail()
#2 D:\Dự án 1\PKTT_duan1_source\PKTT_duan1_source\index.php(132): App\Route::dispatch()
#3 {main}
  thrown in D:\Dự án 1\PKTT_duan1_source\PKTT_duan1_source\App\Views\Client\Pages\Product\Detail.php on line 259
[14-Nov-2024 21:26:46 Asia/Ho_Chi_Minh] PHP Warning:  Trying to access array offset on value of type int in D:\Dự án 1\PKTT_duan1_source\PKTT_duan1_source\App\Views\Client\Pages\Product\Detail.php on line 259
[14-Nov-2024 21:26:46 Asia/Ho_Chi_Minh] PHP Fatal error:  Uncaught TypeError: Cannot access offset of type string on string in D:\Dự án 1\PKTT_duan1_source\PKTT_duan1_source\App\Views\Client\Pages\Product\Detail.php:259
Stack trace:
#0 D:\Dự án 1\PKTT_duan1_source\PKTT_duan1_source\App\Controllers\Client\ProductController.php(57): App\Views\Client\Pages\Product\Detail::render()
#1 D:\Dự án 1\PKTT_duan1_source\PKTT_duan1_source\App\Route.php(104): App\Controllers\Client\ProductController::detail()
#2 D:\Dự án 1\PKTT_duan1_source\PKTT_duan1_source\index.php(132): App\Route::dispatch()
#3 {main}
  thrown in D:\Dự án 1\PKTT_duan1_source\PKTT_duan1_source\App\Views\Client\Pages\Product\Detail.php on line 259
[14-Nov-2024 21:30:58 Asia/Ho_Chi_Minh] PHP Warning:  Trying to access array offset on value of type int in D:\Dự án 1\PKTT_duan1_source\PKTT_duan1_source\App\Views\Client\Pages\Product\Detail.php on line 259
[14-Nov-2024 21:30:58 Asia/Ho_Chi_Minh] PHP Fatal error:  Uncaught TypeError: Cannot access offset of type string on string in D:\Dự án 1\PKTT_duan1_source\PKTT_duan1_source\App\Views\Client\Pages\Product\Detail.php:259
Stack trace:
#0 D:\Dự án 1\PKTT_duan1_source\PKTT_duan1_source\App\Controllers\Client\ProductController.php(57): App\Views\Client\Pages\Product\Detail::render()
#1 D:\Dự án 1\PKTT_duan1_source\PKTT_duan1_source\App\Route.php(104): App\Controllers\Client\ProductController::detail()
#2 D:\Dự án 1\PKTT_duan1_source\PKTT_duan1_source\index.php(132): App\Route::dispatch()
#3 {main}
  thrown in D:\Dự án 1\PKTT_duan1_source\PKTT_duan1_source\App\Views\Client\Pages\Product\Detail.php on line 259
[14-Nov-2024 21:31:30 Asia/Ho_Chi_Minh] PHP Warning:  Trying to access array offset on value of type int in D:\Dự án 1\PKTT_duan1_source\PKTT_duan1_source\App\Views\Client\Pages\Product\Detail.php on line 259
[14-Nov-2024 21:31:30 Asia/Ho_Chi_Minh] PHP Fatal error:  Uncaught TypeError: Cannot access offset of type string on string in D:\Dự án 1\PKTT_duan1_source\PKTT_duan1_source\App\Views\Client\Pages\Product\Detail.php:259
Stack trace:
#0 D:\Dự án 1\PKTT_duan1_source\PKTT_duan1_source\App\Controllers\Client\ProductController.php(57): App\Views\Client\Pages\Product\Detail::render()
#1 D:\Dự án 1\PKTT_duan1_source\PKTT_duan1_source\App\Route.php(104): App\Controllers\Client\ProductController::detail()
#2 D:\Dự án 1\PKTT_duan1_source\PKTT_duan1_source\index.php(132): App\Route::dispatch()
#3 {main}
  thrown in D:\Dự án 1\PKTT_duan1_source\PKTT_duan1_source\App\Views\Client\Pages\Product\Detail.php on line 259
[14-Nov-2024 21:31:35 Asia/Ho_Chi_Minh] PHP Warning:  Trying to access array offset on value of type int in D:\Dự án 1\PKTT_duan1_source\PKTT_duan1_source\App\Views\Client\Pages\Product\Detail.php on line 259
[14-Nov-2024 21:31:35 Asia/Ho_Chi_Minh] PHP Fatal error:  Uncaught TypeError: Cannot access offset of type string on string in D:\Dự án 1\PKTT_duan1_source\PKTT_duan1_source\App\Views\Client\Pages\Product\Detail.php:259
Stack trace:
#0 D:\Dự án 1\PKTT_duan1_source\PKTT_duan1_source\App\Controllers\Client\ProductController.php(57): App\Views\Client\Pages\Product\Detail::render()
#1 D:\Dự án 1\PKTT_duan1_source\PKTT_duan1_source\App\Route.php(104): App\Controllers\Client\ProductController::detail()
#2 D:\Dự án 1\PKTT_duan1_source\PKTT_duan1_source\index.php(132): App\Route::dispatch()
#3 {main}
  thrown in D:\Dự án 1\PKTT_duan1_source\PKTT_duan1_source\App\Views\Client\Pages\Product\Detail.php on line 259
[14-Nov-2024 21:37:47 Asia/Ho_Chi_Minh] PHP Warning:  Trying to access array offset on value of type int in D:\Dự án 1\PKTT_duan1_source\PKTT_duan1_source\App\Views\Client\Pages\Product\Detail.php on line 260
[14-Nov-2024 21:37:47 Asia/Ho_Chi_Minh] PHP Deprecated:  number_format(): Passing null to parameter #1 ($num) of type float is deprecated in D:\Dự án 1\PKTT_duan1_source\PKTT_duan1_source\App\Views\Client\Pages\Product\Detail.php on line 260
[14-Nov-2024 21:37:47 Asia/Ho_Chi_Minh] PHP Fatal error:  Uncaught TypeError: Cannot access offset of type string on string in D:\Dự án 1\PKTT_duan1_source\PKTT_duan1_source\App\Views\Client\Pages\Product\Detail.php:260
Stack trace:
#0 D:\Dự án 1\PKTT_duan1_source\PKTT_duan1_source\App\Controllers\Client\ProductController.php(57): App\Views\Client\Pages\Product\Detail::render()
#1 D:\Dự án 1\PKTT_duan1_source\PKTT_duan1_source\App\Route.php(104): App\Controllers\Client\ProductController::detail()
#2 D:\Dự án 1\PKTT_duan1_source\PKTT_duan1_source\index.php(132): App\Route::dispatch()
#3 {main}
  thrown in D:\Dự án 1\PKTT_duan1_source\PKTT_duan1_source\App\Views\Client\Pages\Product\Detail.php on line 260
[14-Nov-2024 21:40:42 Asia/Ho_Chi_Minh] PHP Warning:  Undefined array key "name" in D:\Dự án 1\PKTT_duan1_source\PKTT_duan1_source\App\Views\Client\Pages\Product\Detail.php on line 259
[14-Nov-2024 21:40:42 Asia/Ho_Chi_Minh] PHP Warning:  Undefined array key "price" in D:\Dự án 1\PKTT_duan1_source\PKTT_duan1_source\App\Views\Client\Pages\Product\Detail.php on line 260
[14-Nov-2024 21:40:42 Asia/Ho_Chi_Minh] PHP Deprecated:  number_format(): Passing null to parameter #1 ($num) of type float is deprecated in D:\Dự án 1\PKTT_duan1_source\PKTT_duan1_source\App\Views\Client\Pages\Product\Detail.php on line 260
[14-Nov-2024 21:45:59 Asia/Ho_Chi_Minh] PHP Warning:  Undefined array key "discount_price" in D:\Dự án 1\PKTT_duan1_source\PKTT_duan1_source\App\Views\Client\Pages\Product\Index.php on line 408
[14-Nov-2024 21:45:59 Asia/Ho_Chi_Minh] PHP Warning:  Undefined array key "discount_price" in D:\Dự án 1\PKTT_duan1_source\PKTT_duan1_source\App\Views\Client\Pages\Product\Index.php on line 408
[14-Nov-2024 21:45:59 Asia/Ho_Chi_Minh] PHP Warning:  Undefined array key "discount_price" in D:\Dự án 1\PKTT_duan1_source\PKTT_duan1_source\App\Views\Client\Pages\Product\Index.php on line 408
[14-Nov-2024 21:45:59 Asia/Ho_Chi_Minh] PHP Warning:  Undefined array key "discount_price" in D:\Dự án 1\PKTT_duan1_source\PKTT_duan1_source\App\Views\Client\Pages\Product\Index.php on line 408
[14-Nov-2024 21:45:59 Asia/Ho_Chi_Minh] PHP Warning:  Undefined array key "discount_price" in D:\Dự án 1\PKTT_duan1_source\PKTT_duan1_source\App\Views\Client\Pages\Product\Index.php on line 408
[14-Nov-2024 21:45:59 Asia/Ho_Chi_Minh] PHP Warning:  Undefined array key "discount_price" in D:\Dự án 1\PKTT_duan1_source\PKTT_duan1_source\App\Views\Client\Pages\Product\Index.php on line 408
[14-Nov-2024 21:45:59 Asia/Ho_Chi_Minh] PHP Warning:  Undefined array key "discount_price" in D:\Dự án 1\PKTT_duan1_source\PKTT_duan1_source\App\Views\Client\Pages\Product\Index.php on line 408
[14-Nov-2024 21:45:59 Asia/Ho_Chi_Minh] PHP Warning:  Undefined array key "discount_price" in D:\Dự án 1\PKTT_duan1_source\PKTT_duan1_source\App\Views\Client\Pages\Product\Index.php on line 408
[14-Nov-2024 21:45:59 Asia/Ho_Chi_Minh] PHP Warning:  Undefined array key "discount_price" in D:\Dự án 1\PKTT_duan1_source\PKTT_duan1_source\App\Views\Client\Pages\Product\Index.php on line 408
[14-Nov-2024 21:45:59 Asia/Ho_Chi_Minh] PHP Warning:  Undefined array key "discount_price" in D:\Dự án 1\PKTT_duan1_source\PKTT_duan1_source\App\Views\Client\Pages\Product\Index.php on line 408
[14-Nov-2024 21:45:59 Asia/Ho_Chi_Minh] PHP Warning:  Undefined array key "discount_price" in D:\Dự án 1\PKTT_duan1_source\PKTT_duan1_source\App\Views\Client\Pages\Product\Index.php on line 408
[14-Nov-2024 21:45:59 Asia/Ho_Chi_Minh] PHP Warning:  Undefined array key "discount_price" in D:\Dự án 1\PKTT_duan1_source\PKTT_duan1_source\App\Views\Client\Pages\Product\Index.php on line 408
[14-Nov-2024 21:45:59 Asia/Ho_Chi_Minh] PHP Warning:  Undefined array key "discount_price" in D:\Dự án 1\PKTT_duan1_source\PKTT_duan1_source\App\Views\Client\Pages\Product\Index.php on line 408
[14-Nov-2024 21:45:59 Asia/Ho_Chi_Minh] PHP Warning:  Undefined array key "discount_price" in D:\Dự án 1\PKTT_duan1_source\PKTT_duan1_source\App\Views\Client\Pages\Product\Index.php on line 408
[14-Nov-2024 21:45:59 Asia/Ho_Chi_Minh] PHP Warning:  Undefined array key "discount_price" in D:\Dự án 1\PKTT_duan1_source\PKTT_duan1_source\App\Views\Client\Pages\Product\Index.php on line 408
[14-Nov-2024 21:45:59 Asia/Ho_Chi_Minh] PHP Warning:  Undefined array key "discount_price" in D:\Dự án 1\PKTT_duan1_source\PKTT_duan1_source\App\Views\Client\Pages\Product\Index.php on line 408
[14-Nov-2024 21:45:59 Asia/Ho_Chi_Minh] PHP Warning:  Undefined array key "discount_price" in D:\Dự án 1\PKTT_duan1_source\PKTT_duan1_source\App\Views\Client\Pages\Product\Index.php on line 408
[14-Nov-2024 21:45:59 Asia/Ho_Chi_Minh] PHP Warning:  Undefined array key "discount_price" in D:\Dự án 1\PKTT_duan1_source\PKTT_duan1_source\App\Views\Client\Pages\Product\Index.php on line 408
[14-Nov-2024 21:49:10 Asia/Ho_Chi_Minh] PHP Warning:  Undefined array key "price" in D:\Dự án 1\PKTT_duan1_source\PKTT_duan1_source\App\Views\Client\Pages\Product\Index.php on line 410
[14-Nov-2024 21:49:10 Asia/Ho_Chi_Minh] PHP Deprecated:  number_format(): Passing null to parameter #1 ($num) of type float is deprecated in D:\Dự án 1\PKTT_duan1_source\PKTT_duan1_source\App\Views\Client\Pages\Product\Index.php on line 410
[14-Nov-2024 21:49:10 Asia/Ho_Chi_Minh] PHP Warning:  Undefined array key "price" in D:\Dự án 1\PKTT_duan1_source\PKTT_duan1_source\App\Views\Client\Pages\Product\Index.php on line 411
[14-Nov-2024 21:49:10 Asia/Ho_Chi_Minh] PHP Warning:  Undefined array key "discount_price" in D:\Dự án 1\PKTT_duan1_source\PKTT_duan1_source\App\Views\Client\Pages\Product\Index.php on line 411
[15-Nov-2024 18:32:22 Asia/Ho_Chi_Minh] PHP Warning:  Undefined array key "product" in D:\Dự án 1\PKTT_duan1_source\PKTT_duan1_source\App\Views\Client\Pages\Product\Detail.php on line 71
[15-Nov-2024 18:32:22 Asia/Ho_Chi_Minh] PHP Warning:  Trying to access array offset on value of type null in D:\Dự án 1\PKTT_duan1_source\PKTT_duan1_source\App\Views\Client\Pages\Product\Detail.php on line 71
[15-Nov-2024 18:36:59 Asia/Ho_Chi_Minh] PHP Warning:  Undefined array key "product" in D:\Dự án 1\PKTT_duan1_source\PKTT_duan1_source\App\Views\Client\Pages\Product\Detail.php on line 81
[15-Nov-2024 18:36:59 Asia/Ho_Chi_Minh] PHP Warning:  Trying to access array offset on value of type null in D:\Dự án 1\PKTT_duan1_source\PKTT_duan1_source\App\Views\Client\Pages\Product\Detail.php on line 81
[16-Nov-2024 15:26:21 Asia/Ho_Chi_Minh] Lỗi khi hiển thị tất cả dữ liệu: No connection could be made because the target machine actively refused it
[16-Nov-2024 16:45:30 Asia/Ho_Chi_Minh] Lỗi khi hiển thị tất cả dữ liệu: No connection could be made because the target machine actively refused it
[16-Nov-2024 17:21:26 Asia/Ho_Chi_Minh] PHP Warning:  Undefined array key "image" in D:\Dự án 1\PKTT_duan1_source\PKTT_duan1_source\App\Views\Client\Home.php on line 138
[16-Nov-2024 17:21:26 Asia/Ho_Chi_Minh] PHP Warning:  Undefined array key "image" in D:\Dự án 1\PKTT_duan1_source\PKTT_duan1_source\App\Views\Client\Home.php on line 138
[16-Nov-2024 20:07:28 Asia/Ho_Chi_Minh] PHP Fatal error:  Uncaught mysqli_sql_exception: No connection could be made because the target machine actively refused it in D:\Dự án 1\PKTT_duan1_source\PKTT_duan1_source\App\Models\Database.php:53
Stack trace:
#0 D:\Dự án 1\PKTT_duan1_source\PKTT_duan1_source\App\Models\Database.php(53): mysqli->__construct()
#1 D:\Dự án 1\PKTT_duan1_source\PKTT_duan1_source\App\Models\BaseModel.php(129): App\Models\Database->MySQLi()
#2 D:\Dự án 1\PKTT_duan1_source\PKTT_duan1_source\App\Models\Category.php(34): App\Models\BaseModel->getAllByStatus()
#3 D:\Dự án 1\PKTT_duan1_source\PKTT_duan1_source\App\Controllers\Client\HomeController.php(19): App\Models\Category->getAllCategoryByStatus()
#4 D:\Dự án 1\PKTT_duan1_source\PKTT_duan1_source\App\Route.php(82): App\Controllers\Client\HomeController::index()
#5 D:\Dự án 1\PKTT_duan1_source\PKTT_duan1_source\index.php(137): App\Route::dispatch()
#6 {main}
  thrown in D:\Dự án 1\PKTT_duan1_source\PKTT_duan1_source\App\Models\Database.php on line 53
[16-Nov-2024 20:11:16 Asia/Ho_Chi_Minh] PHP Warning:  Undefined array key "address" in D:\Dự án 1\PKTT_duan1_source\PKTT_duan1_source\App\Views\Client\Pages\Auth\User_profile.php on line 32
[16-Nov-2024 20:13:23 Asia/Ho_Chi_Minh] PHP Warning:  Undefined array key "address" in D:\Dự án 1\PKTT_duan1_source\PKTT_duan1_source\App\Views\Client\Pages\Auth\User_profile.php on line 32
[17-Nov-2024 18:39:13 Asia/Ho_Chi_Minh] PHP Fatal error:  Uncaught mysqli_sql_exception: No connection could be made because the target machine actively refused it in D:\Dự án 1\PKTT_duan1_source\PKTT_duan1_source\App\Models\Database.php:53
Stack trace:
#0 D:\Dự án 1\PKTT_duan1_source\PKTT_duan1_source\App\Models\Database.php(53): mysqli->__construct()
#1 D:\Dự án 1\PKTT_duan1_source\PKTT_duan1_source\App\Models\BaseModel.php(129): App\Models\Database->MySQLi()
#2 D:\Dự án 1\PKTT_duan1_source\PKTT_duan1_source\App\Models\Category.php(34): App\Models\BaseModel->getAllByStatus()
#3 D:\Dự án 1\PKTT_duan1_source\PKTT_duan1_source\App\Controllers\Client\HomeController.php(19): App\Models\Category->getAllCategoryByStatus()
#4 D:\Dự án 1\PKTT_duan1_source\PKTT_duan1_source\App\Route.php(82): App\Controllers\Client\HomeController::index()
#5 D:\Dự án 1\PKTT_duan1_source\PKTT_duan1_source\index.php(137): App\Route::dispatch()
#6 {main}
  thrown in D:\Dự án 1\PKTT_duan1_source\PKTT_duan1_source\App\Models\Database.php on line 53
[17-Nov-2024 19:32:06 Asia/Ho_Chi_Minh] PHP Warning:  Undefined array key "getAllOutstanding" in D:\Dự án 1\PKTT_duan1_source\PKTT_duan1_source\App\Views\Client\Home.php on line 125
[17-Nov-2024 19:32:06 Asia/Ho_Chi_Minh] PHP Warning:  foreach() argument must be of type array|object, null given in D:\Dự án 1\PKTT_duan1_source\PKTT_duan1_source\App\Views\Client\Home.php on line 125
[17-Nov-2024 19:32:23 Asia/Ho_Chi_Minh] PHP Warning:  Undefined array key "getAllOutstanding" in D:\Dự án 1\PKTT_duan1_source\PKTT_duan1_source\App\Views\Client\Home.php on line 125
[17-Nov-2024 19:32:23 Asia/Ho_Chi_Minh] PHP Warning:  foreach() argument must be of type array|object, null given in D:\Dự án 1\PKTT_duan1_source\PKTT_duan1_source\App\Views\Client\Home.php on line 125
[17-Nov-2024 19:33:23 Asia/Ho_Chi_Minh] PHP Warning:  Undefined array key "getAllOutstanding" in D:\Dự án 1\PKTT_duan1_source\PKTT_duan1_source\App\Views\Client\Home.php on line 125
[17-Nov-2024 19:33:23 Asia/Ho_Chi_Minh] PHP Warning:  foreach() argument must be of type array|object, null given in D:\Dự án 1\PKTT_duan1_source\PKTT_duan1_source\App\Views\Client\Home.php on line 125
[17-Nov-2024 19:45:39 Asia/Ho_Chi_Minh] PHP Warning:  Undefined array key "img" in D:\Dự án 1\PKTT_duan1_source\PKTT_duan1_source\App\Views\Client\Pages\Product\Category.php on line 415
[17-Nov-2024 19:45:39 Asia/Ho_Chi_Minh] PHP Warning:  Undefined array key "img" in D:\Dự án 1\PKTT_duan1_source\PKTT_duan1_source\App\Views\Client\Pages\Product\Category.php on line 415
[17-Nov-2024 19:45:39 Asia/Ho_Chi_Minh] PHP Warning:  Undefined array key "img" in D:\Dự án 1\PKTT_duan1_source\PKTT_duan1_source\App\Views\Client\Pages\Product\Category.php on line 415
[17-Nov-2024 19:45:39 Asia/Ho_Chi_Minh] PHP Warning:  Undefined array key "img" in D:\Dự án 1\PKTT_duan1_source\PKTT_duan1_source\App\Views\Client\Pages\Product\Category.php on line 415
[17-Nov-2024 19:45:39 Asia/Ho_Chi_Minh] PHP Warning:  Undefined array key "img" in D:\Dự án 1\PKTT_duan1_source\PKTT_duan1_source\App\Views\Client\Pages\Product\Category.php on line 415
[18-Nov-2024 14:43:22 Asia/Ho_Chi_Minh] PHP Fatal error:  Uncaught mysqli_sql_exception: Unknown column 'categories.id' in 'order clause' in D:\Dự án 1\PKTT_duan1_source\PKTT_duan1_source\App\Models\Product.php:57
Stack trace:
#0 D:\Dự án 1\PKTT_duan1_source\PKTT_duan1_source\App\Models\Product.php(57): mysqli->prepare()
#1 D:\Dự án 1\PKTT_duan1_source\PKTT_duan1_source\App\Controllers\Client\HomeController.php(25): App\Models\Product->getAllProductOutstanding()
#2 D:\Dự án 1\PKTT_duan1_source\PKTT_duan1_source\App\Route.php(82): App\Controllers\Client\HomeController::index()
#3 D:\Dự án 1\PKTT_duan1_source\PKTT_duan1_source\index.php(137): App\Route::dispatch()
#4 {main}
  thrown in D:\Dự án 1\PKTT_duan1_source\PKTT_duan1_source\App\Models\Product.php on line 57
[18-Nov-2024 15:43:40 Asia/Ho_Chi_Minh] PHP Warning:  Undefined array key "slug" in D:\Dự án 1\PKTT_duan1_source\PKTT_duan1_source\App\Views\Client\Home.php on line 107
[18-Nov-2024 15:43:40 Asia/Ho_Chi_Minh] PHP Warning:  Undefined array key "slug" in D:\Dự án 1\PKTT_duan1_source\PKTT_duan1_source\App\Views\Client\Home.php on line 107
[18-Nov-2024 15:43:40 Asia/Ho_Chi_Minh] PHP Warning:  Undefined array key "slug" in D:\Dự án 1\PKTT_duan1_source\PKTT_duan1_source\App\Views\Client\Home.php on line 107
[18-Nov-2024 15:43:40 Asia/Ho_Chi_Minh] PHP Warning:  Undefined array key "slug" in D:\Dự án 1\PKTT_duan1_source\PKTT_duan1_source\App\Views\Client\Home.php on line 107
[18-Nov-2024 15:43:40 Asia/Ho_Chi_Minh] PHP Warning:  Undefined array key "slug" in D:\Dự án 1\PKTT_duan1_source\PKTT_duan1_source\App\Views\Client\Home.php on line 107
[18-Nov-2024 15:43:40 Asia/Ho_Chi_Minh] PHP Warning:  Undefined array key "slug" in D:\Dự án 1\PKTT_duan1_source\PKTT_duan1_source\App\Views\Client\Home.php on line 107
[18-Nov-2024 15:43:40 Asia/Ho_Chi_Minh] PHP Warning:  Undefined array key "slug" in D:\Dự án 1\PKTT_duan1_source\PKTT_duan1_source\App\Views\Client\Home.php on line 107
[18-Nov-2024 15:43:40 Asia/Ho_Chi_Minh] PHP Warning:  Undefined array key "slug" in D:\Dự án 1\PKTT_duan1_source\PKTT_duan1_source\App\Views\Client\Home.php on line 107
[18-Nov-2024 15:43:40 Asia/Ho_Chi_Minh] PHP Warning:  Undefined array key "slug" in D:\Dự án 1\PKTT_duan1_source\PKTT_duan1_source\App\Views\Client\Home.php on line 107
[18-Nov-2024 15:43:40 Asia/Ho_Chi_Minh] PHP Warning:  Undefined array key "slug" in D:\Dự án 1\PKTT_duan1_source\PKTT_duan1_source\App\Views\Client\Home.php on line 107
[18-Nov-2024 16:40:05 Asia/Ho_Chi_Minh] PHP Warning:  Undefined array key "getAllNew" in D:\Dự án 1\PKTT_duan1_source\PKTT_duan1_source\App\Views\Client\Pages\Product\Index.php on line 140
[18-Nov-2024 16:40:05 Asia/Ho_Chi_Minh] PHP Warning:  foreach() argument must be of type array|object, null given in D:\Dự án 1\PKTT_duan1_source\PKTT_duan1_source\App\Views\Client\Pages\Product\Index.php on line 140
[18-Nov-2024 16:44:30 Asia/Ho_Chi_Minh] PHP Warning:  Array to string conversion in D:\Dự án 1\PKTT_duan1_source\PKTT_duan1_source\App\Controllers\Client\ProductController.php on line 26
[18-Nov-2024 16:44:30 Asia/Ho_Chi_Minh] PHP Warning:  Undefined property: App\Models\Product::$Array in D:\Dự án 1\PKTT_duan1_source\PKTT_duan1_source\App\Controllers\Client\ProductController.php on line 26
[18-Nov-2024 16:44:30 Asia/Ho_Chi_Minh] PHP Fatal error:  Uncaught Error: Call to a member function getAllProductNew() on null in D:\Dự án 1\PKTT_duan1_source\PKTT_duan1_source\App\Controllers\Client\ProductController.php:26
Stack trace:
#0 D:\Dự án 1\PKTT_duan1_source\PKTT_duan1_source\App\Route.php(82): App\Controllers\Client\ProductController::index()
#1 D:\Dự án 1\PKTT_duan1_source\PKTT_duan1_source\index.php(137): App\Route::dispatch()
#2 {main}
  thrown in D:\Dự án 1\PKTT_duan1_source\PKTT_duan1_source\App\Controllers\Client\ProductController.php on line 26
[18-Nov-2024 16:54:41 Asia/Ho_Chi_Minh] PHP Warning:  Undefined array key "productsnew" in D:\Dự án 1\PKTT_duan1_source\PKTT_duan1_source\App\Views\Client\Pages\Product\Index.php on line 140
[18-Nov-2024 16:54:41 Asia/Ho_Chi_Minh] PHP Warning:  foreach() argument must be of type array|object, null given in D:\Dự án 1\PKTT_duan1_source\PKTT_duan1_source\App\Views\Client\Pages\Product\Index.php on line 140
[18-Nov-2024 17:00:30 Asia/Ho_Chi_Minh] PHP Warning:  Undefined array key 1 in D:\Dự án 1\PKTT_duan1_source\PKTT_duan1_source\App\Route.php on line 62
[18-Nov-2024 17:00:30 Asia/Ho_Chi_Minh] PHP Deprecated:  strrev(): Passing null to parameter #1 ($string) of type string is deprecated in D:\Dự án 1\PKTT_duan1_source\PKTT_duan1_source\App\Route.php on line 62
[18-Nov-2024 17:06:03 Asia/Ho_Chi_Minh] PHP Warning:  Undefined array key "address" in D:\Dự án 1\PKTT_duan1_source\PKTT_duan1_source\App\Views\Client\Pages\Auth\User_profile.php on line 32
[18-Nov-2024 17:07:25 Asia/Ho_Chi_Minh] PHP Warning:  Undefined array key "address" in D:\Dự án 1\PKTT_duan1_source\PKTT_duan1_source\App\Views\Client\Pages\Auth\User_profile.php on line 32
[18-Nov-2024 17:07:37 Asia/Ho_Chi_Minh] PHP Warning:  Undefined array key "address" in D:\Dự án 1\PKTT_duan1_source\PKTT_duan1_source\App\Views\Client\Pages\Auth\User_profile.php on line 32
[18-Nov-2024 18:18:23 Asia/Ho_Chi_Minh] PHP Warning:  Undefined array key "address" in D:\Dự án 1\PKTT_duan1_source\PKTT_duan1_source\App\Views\Client\Pages\Auth\User_profile.php on line 32
[18-Nov-2024 18:18:39 Asia/Ho_Chi_Minh] PHP Warning:  Undefined array key "address" in D:\Dự án 1\PKTT_duan1_source\PKTT_duan1_source\App\Views\Client\Pages\Auth\User_profile.php on line 32
[18-Nov-2024 18:26:16 Asia/Ho_Chi_Minh] PHP Warning:  Undefined array key "address" in D:\Dự án 1\PKTT_duan1_source\PKTT_duan1_source\App\Views\Client\Pages\Auth\User_profile.php on line 32
[18-Nov-2024 18:35:08 Asia/Ho_Chi_Minh] PHP Warning:  Undefined array key "address" in D:\Dự án 1\PKTT_duan1_source\PKTT_duan1_source\App\Views\Client\Pages\Auth\User_profile.php on line 32
[18-Nov-2024 18:38:44 Asia/Ho_Chi_Minh] PHP Warning:  Undefined array key "address" in D:\Dự án 1\PKTT_duan1_source\PKTT_duan1_source\App\Views\Client\Pages\Auth\User_profile.php on line 32
[18-Nov-2024 18:39:03 Asia/Ho_Chi_Minh] PHP Warning:  Undefined array key "address" in D:\Dự án 1\PKTT_duan1_source\PKTT_duan1_source\App\Views\Client\Pages\Auth\User_profile.php on line 32
[18-Nov-2024 18:39:42 Asia/Ho_Chi_Minh] PHP Warning:  Undefined array key "address" in D:\Dự án 1\PKTT_duan1_source\PKTT_duan1_source\App\Views\Client\Pages\Auth\User_profile.php on line 32
[18-Nov-2024 18:42:46 Asia/Ho_Chi_Minh] PHP Warning:  Undefined array key "address" in D:\Dự án 1\PKTT_duan1_source\PKTT_duan1_source\App\Views\Client\Pages\Auth\User_profile.php on line 32
[18-Nov-2024 18:45:32 Asia/Ho_Chi_Minh] PHP Warning:  Undefined array key "address" in D:\Dự án 1\PKTT_duan1_source\PKTT_duan1_source\App\Views\Client\Pages\Auth\User_profile.php on line 32
[18-Nov-2024 18:47:07 Asia/Ho_Chi_Minh] PHP Warning:  Undefined array key "address" in D:\Dự án 1\PKTT_duan1_source\PKTT_duan1_source\App\Views\Client\Pages\Auth\User_profile.php on line 32
[18-Nov-2024 18:47:36 Asia/Ho_Chi_Minh] PHP Warning:  Undefined array key "address" in D:\Dự án 1\PKTT_duan1_source\PKTT_duan1_source\App\Views\Client\Pages\Auth\User_profile.php on line 32
[18-Nov-2024 18:48:14 Asia/Ho_Chi_Minh] PHP Warning:  Undefined array key "address" in D:\Dự án 1\PKTT_duan1_source\PKTT_duan1_source\App\Views\Client\Pages\Auth\User_profile.php on line 81
[18-Nov-2024 18:48:32 Asia/Ho_Chi_Minh] PHP Warning:  Undefined array key "address" in D:\Dự án 1\PKTT_duan1_source\PKTT_duan1_source\App\Views\Client\Pages\Auth\User_profile.php on line 81
[18-Nov-2024 19:35:24 Asia/Ho_Chi_Minh] PHP Warning:  Undefined array key "getAllNew" in D:\Dự án 1\PKTT_duan1_source\PKTT_duan1_source\App\Views\Client\Pages\Product\Category.php on line 193
[18-Nov-2024 19:35:24 Asia/Ho_Chi_Minh] PHP Warning:  foreach() argument must be of type array|object, null given in D:\Dự án 1\PKTT_duan1_source\PKTT_duan1_source\App\Views\Client\Pages\Product\Category.php on line 193
[18-Nov-2024 19:35:24 Asia/Ho_Chi_Minh] PHP Warning:  Undefined array key "getAllNew" in D:\Dự án 1\PKTT_duan1_source\PKTT_duan1_source\App\Views\Client\Pages\Product\Category.php on line 212
[18-Nov-2024 19:35:24 Asia/Ho_Chi_Minh] PHP Warning:  foreach() argument must be of type array|object, null given in D:\Dự án 1\PKTT_duan1_source\PKTT_duan1_source\App\Views\Client\Pages\Product\Category.php on line 212
[18-Nov-2024 19:35:29 Asia/Ho_Chi_Minh] PHP Warning:  Undefined array key "getAllNew" in D:\Dự án 1\PKTT_duan1_source\PKTT_duan1_source\App\Views\Client\Pages\Product\Category.php on line 193
[18-Nov-2024 19:35:29 Asia/Ho_Chi_Minh] PHP Warning:  foreach() argument must be of type array|object, null given in D:\Dự án 1\PKTT_duan1_source\PKTT_duan1_source\App\Views\Client\Pages\Product\Category.php on line 193
[18-Nov-2024 19:35:29 Asia/Ho_Chi_Minh] PHP Warning:  Undefined array key "getAllNew" in D:\Dự án 1\PKTT_duan1_source\PKTT_duan1_source\App\Views\Client\Pages\Product\Category.php on line 212
[18-Nov-2024 19:35:29 Asia/Ho_Chi_Minh] PHP Warning:  foreach() argument must be of type array|object, null given in D:\Dự án 1\PKTT_duan1_source\PKTT_duan1_source\App\Views\Client\Pages\Product\Category.php on line 212
[18-Nov-2024 19:36:56 Asia/Ho_Chi_Minh] PHP Warning:  Undefined array key "getAllNew" in D:\Dự án 1\PKTT_duan1_source\PKTT_duan1_source\App\Views\Client\Pages\Product\Category.php on line 193
[18-Nov-2024 19:36:56 Asia/Ho_Chi_Minh] PHP Warning:  foreach() argument must be of type array|object, null given in D:\Dự án 1\PKTT_duan1_source\PKTT_duan1_source\App\Views\Client\Pages\Product\Category.php on line 193
[18-Nov-2024 19:36:56 Asia/Ho_Chi_Minh] PHP Warning:  Undefined array key "getAllNew" in D:\Dự án 1\PKTT_duan1_source\PKTT_duan1_source\App\Views\Client\Pages\Product\Category.php on line 212
[18-Nov-2024 19:36:56 Asia/Ho_Chi_Minh] PHP Warning:  foreach() argument must be of type array|object, null given in D:\Dự án 1\PKTT_duan1_source\PKTT_duan1_source\App\Views\Client\Pages\Product\Category.php on line 212
[18-Nov-2024 19:44:20 Asia/Ho_Chi_Minh] PHP Warning:  Undefined array key "getAllNew" in D:\Dự án 1\PKTT_duan1_source\PKTT_duan1_source\App\Views\Client\Pages\Product\Category.php on line 193
[18-Nov-2024 19:44:20 Asia/Ho_Chi_Minh] PHP Warning:  foreach() argument must be of type array|object, null given in D:\Dự án 1\PKTT_duan1_source\PKTT_duan1_source\App\Views\Client\Pages\Product\Category.php on line 193
[18-Nov-2024 19:44:20 Asia/Ho_Chi_Minh] PHP Warning:  Undefined array key "getAllNew" in D:\Dự án 1\PKTT_duan1_source\PKTT_duan1_source\App\Views\Client\Pages\Product\Category.php on line 212
[18-Nov-2024 19:44:20 Asia/Ho_Chi_Minh] PHP Warning:  foreach() argument must be of type array|object, null given in D:\Dự án 1\PKTT_duan1_source\PKTT_duan1_source\App\Views\Client\Pages\Product\Category.php on line 212
[18-Nov-2024 19:45:54 Asia/Ho_Chi_Minh] PHP Warning:  Undefined array key "getAllNew" in D:\Dự án 1\PKTT_duan1_source\PKTT_duan1_source\App\Views\Client\Pages\Product\Category.php on line 193
[18-Nov-2024 19:45:54 Asia/Ho_Chi_Minh] PHP Warning:  foreach() argument must be of type array|object, null given in D:\Dự án 1\PKTT_duan1_source\PKTT_duan1_source\App\Views\Client\Pages\Product\Category.php on line 193
[18-Nov-2024 19:45:54 Asia/Ho_Chi_Minh] PHP Warning:  Undefined array key "getAllNew" in D:\Dự án 1\PKTT_duan1_source\PKTT_duan1_source\App\Views\Client\Pages\Product\Category.php on line 212
[18-Nov-2024 19:45:54 Asia/Ho_Chi_Minh] PHP Warning:  foreach() argument must be of type array|object, null given in D:\Dự án 1\PKTT_duan1_source\PKTT_duan1_source\App\Views\Client\Pages\Product\Category.php on line 212
[18-Nov-2024 19:49:41 Asia/Ho_Chi_Minh] PHP Warning:  Undefined array key "getAllNew" in D:\Dự án 1\PKTT_duan1_source\PKTT_duan1_source\App\Views\Client\Pages\Product\Category.php on line 193
[18-Nov-2024 19:49:41 Asia/Ho_Chi_Minh] PHP Warning:  foreach() argument must be of type array|object, null given in D:\Dự án 1\PKTT_duan1_source\PKTT_duan1_source\App\Views\Client\Pages\Product\Category.php on line 193
[18-Nov-2024 19:49:41 Asia/Ho_Chi_Minh] PHP Warning:  Undefined array key "getAllNew" in D:\Dự án 1\PKTT_duan1_source\PKTT_duan1_source\App\Views\Client\Pages\Product\Category.php on line 212
[18-Nov-2024 19:49:41 Asia/Ho_Chi_Minh] PHP Warning:  foreach() argument must be of type array|object, null given in D:\Dự án 1\PKTT_duan1_source\PKTT_duan1_source\App\Views\Client\Pages\Product\Category.php on line 212
[18-Nov-2024 19:49:46 Asia/Ho_Chi_Minh] PHP Warning:  Undefined array key "getAllNew" in D:\Dự án 1\PKTT_duan1_source\PKTT_duan1_source\App\Views\Client\Pages\Product\Category.php on line 193
[18-Nov-2024 19:49:46 Asia/Ho_Chi_Minh] PHP Warning:  foreach() argument must be of type array|object, null given in D:\Dự án 1\PKTT_duan1_source\PKTT_duan1_source\App\Views\Client\Pages\Product\Category.php on line 193
[18-Nov-2024 19:49:46 Asia/Ho_Chi_Minh] PHP Warning:  Undefined array key "getAllNew" in D:\Dự án 1\PKTT_duan1_source\PKTT_duan1_source\App\Views\Client\Pages\Product\Category.php on line 212
[18-Nov-2024 19:49:46 Asia/Ho_Chi_Minh] PHP Warning:  foreach() argument must be of type array|object, null given in D:\Dự án 1\PKTT_duan1_source\PKTT_duan1_source\App\Views\Client\Pages\Product\Category.php on line 212
[18-Nov-2024 19:49:51 Asia/Ho_Chi_Minh] PHP Warning:  Undefined array key "getAllNew" in D:\Dự án 1\PKTT_duan1_source\PKTT_duan1_source\App\Views\Client\Pages\Product\Category.php on line 193
[18-Nov-2024 19:49:51 Asia/Ho_Chi_Minh] PHP Warning:  foreach() argument must be of type array|object, null given in D:\Dự án 1\PKTT_duan1_source\PKTT_duan1_source\App\Views\Client\Pages\Product\Category.php on line 193
[18-Nov-2024 19:49:51 Asia/Ho_Chi_Minh] PHP Warning:  Undefined array key "getAllNew" in D:\Dự án 1\PKTT_duan1_source\PKTT_duan1_source\App\Views\Client\Pages\Product\Category.php on line 212
[18-Nov-2024 19:49:51 Asia/Ho_Chi_Minh] PHP Warning:  foreach() argument must be of type array|object, null given in D:\Dự án 1\PKTT_duan1_source\PKTT_duan1_source\App\Views\Client\Pages\Product\Category.php on line 212
[18-Nov-2024 19:49:55 Asia/Ho_Chi_Minh] PHP Warning:  Undefined array key "getAllNew" in D:\Dự án 1\PKTT_duan1_source\PKTT_duan1_source\App\Views\Client\Pages\Product\Category.php on line 193
[18-Nov-2024 19:49:55 Asia/Ho_Chi_Minh] PHP Warning:  foreach() argument must be of type array|object, null given in D:\Dự án 1\PKTT_duan1_source\PKTT_duan1_source\App\Views\Client\Pages\Product\Category.php on line 193
[18-Nov-2024 19:49:55 Asia/Ho_Chi_Minh] PHP Warning:  Undefined array key "getAllNew" in D:\Dự án 1\PKTT_duan1_source\PKTT_duan1_source\App\Views\Client\Pages\Product\Category.php on line 212
[18-Nov-2024 19:49:55 Asia/Ho_Chi_Minh] PHP Warning:  foreach() argument must be of type array|object, null given in D:\Dự án 1\PKTT_duan1_source\PKTT_duan1_source\App\Views\Client\Pages\Product\Category.php on line 212
[18-Nov-2024 19:50:39 Asia/Ho_Chi_Minh] PHP Warning:  Undefined array key "getAllNew" in D:\Dự án 1\PKTT_duan1_source\PKTT_duan1_source\App\Views\Client\Pages\Product\Category.php on line 193
[18-Nov-2024 19:50:39 Asia/Ho_Chi_Minh] PHP Warning:  foreach() argument must be of type array|object, null given in D:\Dự án 1\PKTT_duan1_source\PKTT_duan1_source\App\Views\Client\Pages\Product\Category.php on line 193
[18-Nov-2024 19:50:39 Asia/Ho_Chi_Minh] PHP Warning:  Undefined array key "getAllNew" in D:\Dự án 1\PKTT_duan1_source\PKTT_duan1_source\App\Views\Client\Pages\Product\Category.php on line 212
[18-Nov-2024 19:50:39 Asia/Ho_Chi_Minh] PHP Warning:  foreach() argument must be of type array|object, null given in D:\Dự án 1\PKTT_duan1_source\PKTT_duan1_source\App\Views\Client\Pages\Product\Category.php on line 212
[18-Nov-2024 19:50:44 Asia/Ho_Chi_Minh] PHP Warning:  Undefined array key "getAllNew" in D:\Dự án 1\PKTT_duan1_source\PKTT_duan1_source\App\Views\Client\Pages\Product\Category.php on line 193
[18-Nov-2024 19:50:44 Asia/Ho_Chi_Minh] PHP Warning:  foreach() argument must be of type array|object, null given in D:\Dự án 1\PKTT_duan1_source\PKTT_duan1_source\App\Views\Client\Pages\Product\Category.php on line 193
[18-Nov-2024 19:50:44 Asia/Ho_Chi_Minh] PHP Warning:  Undefined array key "getAllNew" in D:\Dự án 1\PKTT_duan1_source\PKTT_duan1_source\App\Views\Client\Pages\Product\Category.php on line 212
[18-Nov-2024 19:50:44 Asia/Ho_Chi_Minh] PHP Warning:  foreach() argument must be of type array|object, null given in D:\Dự án 1\PKTT_duan1_source\PKTT_duan1_source\App\Views\Client\Pages\Product\Category.php on line 212
[18-Nov-2024 19:50:50 Asia/Ho_Chi_Minh] PHP Warning:  Undefined array key "getAllNew" in D:\Dự án 1\PKTT_duan1_source\PKTT_duan1_source\App\Views\Client\Pages\Product\Category.php on line 193
[18-Nov-2024 19:50:50 Asia/Ho_Chi_Minh] PHP Warning:  foreach() argument must be of type array|object, null given in D:\Dự án 1\PKTT_duan1_source\PKTT_duan1_source\App\Views\Client\Pages\Product\Category.php on line 193
[18-Nov-2024 19:50:50 Asia/Ho_Chi_Minh] PHP Warning:  Undefined array key "getAllNew" in D:\Dự án 1\PKTT_duan1_source\PKTT_duan1_source\App\Views\Client\Pages\Product\Category.php on line 212
[18-Nov-2024 19:50:50 Asia/Ho_Chi_Minh] PHP Warning:  foreach() argument must be of type array|object, null given in D:\Dự án 1\PKTT_duan1_source\PKTT_duan1_source\App\Views\Client\Pages\Product\Category.php on line 212
[18-Nov-2024 19:51:55 Asia/Ho_Chi_Minh] PHP Warning:  Undefined array key "getAllNewCategory" in D:\Dự án 1\PKTT_duan1_source\PKTT_duan1_source\App\Views\Client\Pages\Product\Category.php on line 193
[18-Nov-2024 19:51:55 Asia/Ho_Chi_Minh] PHP Warning:  foreach() argument must be of type array|object, null given in D:\Dự án 1\PKTT_duan1_source\PKTT_duan1_source\App\Views\Client\Pages\Product\Category.php on line 193
[18-Nov-2024 19:51:55 Asia/Ho_Chi_Minh] PHP Warning:  Undefined array key "getAllNew" in D:\Dự án 1\PKTT_duan1_source\PKTT_duan1_source\App\Views\Client\Pages\Product\Category.php on line 212
[18-Nov-2024 19:51:55 Asia/Ho_Chi_Minh] PHP Warning:  foreach() argument must be of type array|object, null given in D:\Dự án 1\PKTT_duan1_source\PKTT_duan1_source\App\Views\Client\Pages\Product\Category.php on line 212
[18-Nov-2024 19:52:46 Asia/Ho_Chi_Minh] PHP Warning:  Undefined array key "getAllNewCategory" in D:\Dự án 1\PKTT_duan1_source\PKTT_duan1_source\App\Views\Client\Pages\Product\Category.php on line 193
[18-Nov-2024 19:52:46 Asia/Ho_Chi_Minh] PHP Warning:  foreach() argument must be of type array|object, null given in D:\Dự án 1\PKTT_duan1_source\PKTT_duan1_source\App\Views\Client\Pages\Product\Category.php on line 193
[18-Nov-2024 19:52:46 Asia/Ho_Chi_Minh] PHP Warning:  Undefined array key "getAllNew" in D:\Dự án 1\PKTT_duan1_source\PKTT_duan1_source\App\Views\Client\Pages\Product\Category.php on line 212
[18-Nov-2024 19:52:46 Asia/Ho_Chi_Minh] PHP Warning:  foreach() argument must be of type array|object, null given in D:\Dự án 1\PKTT_duan1_source\PKTT_duan1_source\App\Views\Client\Pages\Product\Category.php on line 212
[18-Nov-2024 19:57:21 Asia/Ho_Chi_Minh] PHP Warning:  Undefined array key "getAllNewCategory" in D:\Dự án 1\PKTT_duan1_source\PKTT_duan1_source\App\Views\Client\Pages\Product\Category.php on line 193
[18-Nov-2024 19:57:21 Asia/Ho_Chi_Minh] PHP Warning:  foreach() argument must be of type array|object, null given in D:\Dự án 1\PKTT_duan1_source\PKTT_duan1_source\App\Views\Client\Pages\Product\Category.php on line 193
[18-Nov-2024 19:57:21 Asia/Ho_Chi_Minh] PHP Warning:  Undefined array key "getAllNew" in D:\Dự án 1\PKTT_duan1_source\PKTT_duan1_source\App\Views\Client\Pages\Product\Category.php on line 212
[18-Nov-2024 19:57:21 Asia/Ho_Chi_Minh] PHP Warning:  foreach() argument must be of type array|object, null given in D:\Dự án 1\PKTT_duan1_source\PKTT_duan1_source\App\Views\Client\Pages\Product\Category.php on line 212
[18-Nov-2024 19:58:03 Asia/Ho_Chi_Minh] PHP Warning:  Undefined array key "getAllNewCategory" in D:\Dự án 1\PKTT_duan1_source\PKTT_duan1_source\App\Views\Client\Pages\Product\Category.php on line 193
[18-Nov-2024 19:58:03 Asia/Ho_Chi_Minh] PHP Warning:  foreach() argument must be of type array|object, null given in D:\Dự án 1\PKTT_duan1_source\PKTT_duan1_source\App\Views\Client\Pages\Product\Category.php on line 193
[18-Nov-2024 19:58:03 Asia/Ho_Chi_Minh] PHP Warning:  Undefined array key "getAllNew" in D:\Dự án 1\PKTT_duan1_source\PKTT_duan1_source\App\Views\Client\Pages\Product\Category.php on line 212
[18-Nov-2024 19:58:03 Asia/Ho_Chi_Minh] PHP Warning:  foreach() argument must be of type array|object, null given in D:\Dự án 1\PKTT_duan1_source\PKTT_duan1_source\App\Views\Client\Pages\Product\Category.php on line 212
[18-Nov-2024 19:58:04 Asia/Ho_Chi_Minh] PHP Warning:  Undefined array key "getAllNewCategory" in D:\Dự án 1\PKTT_duan1_source\PKTT_duan1_source\App\Views\Client\Pages\Product\Category.php on line 193
[18-Nov-2024 19:58:04 Asia/Ho_Chi_Minh] PHP Warning:  foreach() argument must be of type array|object, null given in D:\Dự án 1\PKTT_duan1_source\PKTT_duan1_source\App\Views\Client\Pages\Product\Category.php on line 193
[18-Nov-2024 19:58:04 Asia/Ho_Chi_Minh] PHP Warning:  Undefined array key "getAllNew" in D:\Dự án 1\PKTT_duan1_source\PKTT_duan1_source\App\Views\Client\Pages\Product\Category.php on line 212
[18-Nov-2024 19:58:04 Asia/Ho_Chi_Minh] PHP Warning:  foreach() argument must be of type array|object, null given in D:\Dự án 1\PKTT_duan1_source\PKTT_duan1_source\App\Views\Client\Pages\Product\Category.php on line 212
[18-Nov-2024 19:58:50 Asia/Ho_Chi_Minh] PHP Warning:  Undefined array key "getAllNewCategory" in D:\Dự án 1\PKTT_duan1_source\PKTT_duan1_source\App\Views\Client\Pages\Product\Category.php on line 193
[18-Nov-2024 19:58:50 Asia/Ho_Chi_Minh] PHP Warning:  foreach() argument must be of type array|object, null given in D:\Dự án 1\PKTT_duan1_source\PKTT_duan1_source\App\Views\Client\Pages\Product\Category.php on line 193
[18-Nov-2024 19:58:50 Asia/Ho_Chi_Minh] PHP Warning:  Undefined array key "getAllNewCategory" in D:\Dự án 1\PKTT_duan1_source\PKTT_duan1_source\App\Views\Client\Pages\Product\Category.php on line 212
[18-Nov-2024 19:58:50 Asia/Ho_Chi_Minh] PHP Warning:  foreach() argument must be of type array|object, null given in D:\Dự án 1\PKTT_duan1_source\PKTT_duan1_source\App\Views\Client\Pages\Product\Category.php on line 212
[18-Nov-2024 19:59:38 Asia/Ho_Chi_Minh] PHP Warning:  Undefined array key "getAllNewCategory" in D:\Dự án 1\PKTT_duan1_source\PKTT_duan1_source\App\Views\Client\Pages\Product\Category.php on line 193
[18-Nov-2024 19:59:38 Asia/Ho_Chi_Minh] PHP Warning:  foreach() argument must be of type array|object, null given in D:\Dự án 1\PKTT_duan1_source\PKTT_duan1_source\App\Views\Client\Pages\Product\Category.php on line 193
[18-Nov-2024 19:59:38 Asia/Ho_Chi_Minh] PHP Warning:  Undefined array key "getAllNewCategory" in D:\Dự án 1\PKTT_duan1_source\PKTT_duan1_source\App\Views\Client\Pages\Product\Category.php on line 212
[18-Nov-2024 19:59:38 Asia/Ho_Chi_Minh] PHP Warning:  foreach() argument must be of type array|object, null given in D:\Dự án 1\PKTT_duan1_source\PKTT_duan1_source\App\Views\Client\Pages\Product\Category.php on line 212
[18-Nov-2024 22:43:05 Asia/Ho_Chi_Minh] PHP Parse error:  syntax error, unexpected token "}" in D:\Dự án 1\PKTT_duan1_source\PKTT_duan1_source\App\Views\Client\Pages\Product\Index.php on line 414
[18-Nov-2024 22:43:42 Asia/Ho_Chi_Minh] PHP Warning:  Undefined array key "name" in D:\Dự án 1\PKTT_duan1_source\PKTT_duan1_source\App\Views\Client\Pages\Product\Index.php on line 252
[18-Nov-2024 22:43:42 Asia/Ho_Chi_Minh] PHP Warning:  Undefined array key "name" in D:\Dự án 1\PKTT_duan1_source\PKTT_duan1_source\App\Views\Client\Pages\Product\Index.php on line 252
[18-Nov-2024 22:43:42 Asia/Ho_Chi_Minh] PHP Warning:  Undefined array key "name" in D:\Dự án 1\PKTT_duan1_source\PKTT_duan1_source\App\Views\Client\Pages\Product\Index.php on line 252
[18-Nov-2024 22:43:42 Asia/Ho_Chi_Minh] PHP Warning:  Undefined array key "name" in D:\Dự án 1\PKTT_duan1_source\PKTT_duan1_source\App\Views\Client\Pages\Product\Index.php on line 252
[18-Nov-2024 22:43:42 Asia/Ho_Chi_Minh] PHP Warning:  Undefined array key "name" in D:\Dự án 1\PKTT_duan1_source\PKTT_duan1_source\App\Views\Client\Pages\Product\Index.php on line 252
[18-Nov-2024 22:47:02 Asia/Ho_Chi_Minh] PHP Warning:  Undefined array key "price" in D:\Dự án 1\PKTT_duan1_source\PKTT_duan1_source\App\Views\Client\Pages\Product\Index.php on line 253
[18-Nov-2024 22:47:02 Asia/Ho_Chi_Minh] PHP Deprecated:  number_format(): Passing null to parameter #1 ($num) of type float is deprecated in D:\Dự án 1\PKTT_duan1_source\PKTT_duan1_source\App\Views\Client\Pages\Product\Index.php on line 253
[18-Nov-2024 22:47:02 Asia/Ho_Chi_Minh] PHP Warning:  Undefined array key "price" in D:\Dự án 1\PKTT_duan1_source\PKTT_duan1_source\App\Views\Client\Pages\Product\Index.php on line 253
[18-Nov-2024 22:47:02 Asia/Ho_Chi_Minh] PHP Deprecated:  number_format(): Passing null to parameter #1 ($num) of type float is deprecated in D:\Dự án 1\PKTT_duan1_source\PKTT_duan1_source\App\Views\Client\Pages\Product\Index.php on line 253
[18-Nov-2024 22:47:02 Asia/Ho_Chi_Minh] PHP Warning:  Undefined array key "price" in D:\Dự án 1\PKTT_duan1_source\PKTT_duan1_source\App\Views\Client\Pages\Product\Index.php on line 253
[18-Nov-2024 22:47:02 Asia/Ho_Chi_Minh] PHP Deprecated:  number_format(): Passing null to parameter #1 ($num) of type float is deprecated in D:\Dự án 1\PKTT_duan1_source\PKTT_duan1_source\App\Views\Client\Pages\Product\Index.php on line 253
[18-Nov-2024 22:47:02 Asia/Ho_Chi_Minh] PHP Warning:  Undefined array key "price" in D:\Dự án 1\PKTT_duan1_source\PKTT_duan1_source\App\Views\Client\Pages\Product\Index.php on line 253
[18-Nov-2024 22:47:02 Asia/Ho_Chi_Minh] PHP Deprecated:  number_format(): Passing null to parameter #1 ($num) of type float is deprecated in D:\Dự án 1\PKTT_duan1_source\PKTT_duan1_source\App\Views\Client\Pages\Product\Index.php on line 253
[18-Nov-2024 22:47:02 Asia/Ho_Chi_Minh] PHP Warning:  Undefined array key "price" in D:\Dự án 1\PKTT_duan1_source\PKTT_duan1_source\App\Views\Client\Pages\Product\Index.php on line 253
[18-Nov-2024 22:47:02 Asia/Ho_Chi_Minh] PHP Deprecated:  number_format(): Passing null to parameter #1 ($num) of type float is deprecated in D:\Dự án 1\PKTT_duan1_source\PKTT_duan1_source\App\Views\Client\Pages\Product\Index.php on line 253
[18-Nov-2024 23:20:20 Asia/Ho_Chi_Minh] PHP Fatal error:  Uncaught mysqli_sql_exception: You have an error in your SQL syntax; check the manual that corresponds to your MySQL server version for the right syntax to use near ', ROUND((price - discount_price) / price * 100) AS discount, name, price, discou' at line 1 in D:\Dự án 1\PKTT_duan1_source\PKTT_duan1_source\App\Models\Product.php:111
Stack trace:
#0 D:\Dự án 1\PKTT_duan1_source\PKTT_duan1_source\App\Models\Product.php(111): mysqli->prepare()
#1 D:\Dự án 1\PKTT_duan1_source\PKTT_duan1_source\App\Controllers\Client\ProductController.php(29): App\Models\Product->getAllProductDescount()
#2 D:\Dự án 1\PKTT_duan1_source\PKTT_duan1_source\App\Route.php(82): App\Controllers\Client\ProductController::index()
#3 D:\Dự án 1\PKTT_duan1_source\PKTT_duan1_source\index.php(137): App\Route::dispatch()
#4 {main}
  thrown in D:\Dự án 1\PKTT_duan1_source\PKTT_duan1_source\App\Models\Product.php on line 111
[18-Nov-2024 23:20:23 Asia/Ho_Chi_Minh] PHP Fatal error:  Uncaught mysqli_sql_exception: You have an error in your SQL syntax; check the manual that corresponds to your MySQL server version for the right syntax to use near ', ROUND((price - discount_price) / price * 100) AS discount, name, price, discou' at line 1 in D:\Dự án 1\PKTT_duan1_source\PKTT_duan1_source\App\Models\Product.php:111
Stack trace:
#0 D:\Dự án 1\PKTT_duan1_source\PKTT_duan1_source\App\Models\Product.php(111): mysqli->prepare()
#1 D:\Dự án 1\PKTT_duan1_source\PKTT_duan1_source\App\Controllers\Client\ProductController.php(29): App\Models\Product->getAllProductDescount()
#2 D:\Dự án 1\PKTT_duan1_source\PKTT_duan1_source\App\Route.php(82): App\Controllers\Client\ProductController::index()
#3 D:\Dự án 1\PKTT_duan1_source\PKTT_duan1_source\index.php(137): App\Route::dispatch()
#4 {main}
  thrown in D:\Dự án 1\PKTT_duan1_source\PKTT_duan1_source\App\Models\Product.php on line 111
[18-Nov-2024 23:20:27 Asia/Ho_Chi_Minh] PHP Warning:  Undefined array key "getAllNew" in D:\Dự án 1\PKTT_duan1_source\PKTT_duan1_source\App\Views\Client\Pages\Product\Category.php on line 193
[18-Nov-2024 23:20:27 Asia/Ho_Chi_Minh] PHP Warning:  foreach() argument must be of type array|object, null given in D:\Dự án 1\PKTT_duan1_source\PKTT_duan1_source\App\Views\Client\Pages\Product\Category.php on line 193
[18-Nov-2024 23:20:27 Asia/Ho_Chi_Minh] PHP Warning:  Undefined array key "getAllNew" in D:\Dự án 1\PKTT_duan1_source\PKTT_duan1_source\App\Views\Client\Pages\Product\Category.php on line 212
[18-Nov-2024 23:20:27 Asia/Ho_Chi_Minh] PHP Warning:  foreach() argument must be of type array|object, null given in D:\Dự án 1\PKTT_duan1_source\PKTT_duan1_source\App\Views\Client\Pages\Product\Category.php on line 212
[18-Nov-2024 23:20:42 Asia/Ho_Chi_Minh] PHP Fatal error:  Uncaught mysqli_sql_exception: You have an error in your SQL syntax; check the manual that corresponds to your MySQL server version for the right syntax to use near ', ROUND((price - discount_price) / price * 100) AS discount, name, price, discou' at line 1 in D:\Dự án 1\PKTT_duan1_source\PKTT_duan1_source\App\Models\Product.php:111
Stack trace:
#0 D:\Dự án 1\PKTT_duan1_source\PKTT_duan1_source\App\Models\Product.php(111): mysqli->prepare()
#1 D:\Dự án 1\PKTT_duan1_source\PKTT_duan1_source\App\Controllers\Client\ProductController.php(29): App\Models\Product->getAllProductDescount()
#2 D:\Dự án 1\PKTT_duan1_source\PKTT_duan1_source\App\Route.php(82): App\Controllers\Client\ProductController::index()
#3 D:\Dự án 1\PKTT_duan1_source\PKTT_duan1_source\index.php(137): App\Route::dispatch()
#4 {main}
  thrown in D:\Dự án 1\PKTT_duan1_source\PKTT_duan1_source\App\Models\Product.php on line 111
[19-Nov-2024 00:41:38 Asia/Ho_Chi_Minh] PHP Fatal error:  Uncaught mysqli_sql_exception: Unknown column 'is_sale' in 'where clause' in D:\Dự án 1\PKTT_duan1_source\PKTT_duan1_source\App\Models\Product.php:76
Stack trace:
#0 D:\Dự án 1\PKTT_duan1_source\PKTT_duan1_source\App\Models\Product.php(76): mysqli->prepare()
#1 D:\Dự án 1\PKTT_duan1_source\PKTT_duan1_source\App\Controllers\Client\ProductController.php(29): App\Models\Product->getAllProductSale()
#2 D:\Dự án 1\PKTT_duan1_source\PKTT_duan1_source\App\Route.php(82): App\Controllers\Client\ProductController::index()
#3 D:\Dự án 1\PKTT_duan1_source\PKTT_duan1_source\index.php(137): App\Route::dispatch()
#4 {main}
  thrown in D:\Dự án 1\PKTT_duan1_source\PKTT_duan1_source\App\Models\Product.php on line 76
[19-Nov-2024 00:53:19 Asia/Ho_Chi_Minh] PHP Warning:  Undefined array key "getAllNew" in D:\Dự án 1\PKTT_duan1_source\PKTT_duan1_source\App\Views\Client\Pages\Product\Category.php on line 193
[19-Nov-2024 00:53:19 Asia/Ho_Chi_Minh] PHP Warning:  foreach() argument must be of type array|object, null given in D:\Dự án 1\PKTT_duan1_source\PKTT_duan1_source\App\Views\Client\Pages\Product\Category.php on line 193
[19-Nov-2024 00:53:19 Asia/Ho_Chi_Minh] PHP Warning:  Undefined array key "getAllNew" in D:\Dự án 1\PKTT_duan1_source\PKTT_duan1_source\App\Views\Client\Pages\Product\Category.php on line 212
[19-Nov-2024 00:53:19 Asia/Ho_Chi_Minh] PHP Warning:  foreach() argument must be of type array|object, null given in D:\Dự án 1\PKTT_duan1_source\PKTT_duan1_source\App\Views\Client\Pages\Product\Category.php on line 212
[19-Nov-2024 00:55:12 Asia/Ho_Chi_Minh] PHP Warning:  Undefined array key "getAllNew" in D:\Dự án 1\PKTT_duan1_source\PKTT_duan1_source\App\Views\Client\Pages\Product\Category.php on line 193
[19-Nov-2024 00:55:12 Asia/Ho_Chi_Minh] PHP Warning:  foreach() argument must be of type array|object, null given in D:\Dự án 1\PKTT_duan1_source\PKTT_duan1_source\App\Views\Client\Pages\Product\Category.php on line 193
[19-Nov-2024 00:55:12 Asia/Ho_Chi_Minh] PHP Warning:  Undefined array key "getAllNew" in D:\Dự án 1\PKTT_duan1_source\PKTT_duan1_source\App\Views\Client\Pages\Product\Category.php on line 212
[19-Nov-2024 00:55:12 Asia/Ho_Chi_Minh] PHP Warning:  foreach() argument must be of type array|object, null given in D:\Dự án 1\PKTT_duan1_source\PKTT_duan1_source\App\Views\Client\Pages\Product\Category.php on line 212
[19-Nov-2024 01:06:47 Asia/Ho_Chi_Minh] PHP Warning:  Undefined array key "getAllNew" in D:\Dự án 1\PKTT_duan1_source\PKTT_duan1_source\App\Views\Client\Pages\Product\Category.php on line 194
[19-Nov-2024 01:06:47 Asia/Ho_Chi_Minh] PHP Warning:  foreach() argument must be of type array|object, null given in D:\Dự án 1\PKTT_duan1_source\PKTT_duan1_source\App\Views\Client\Pages\Product\Category.php on line 194
[19-Nov-2024 01:06:47 Asia/Ho_Chi_Minh] PHP Warning:  Undefined array key "getAllNew" in D:\Dự án 1\PKTT_duan1_source\PKTT_duan1_source\App\Views\Client\Pages\Product\Category.php on line 213
[19-Nov-2024 01:06:47 Asia/Ho_Chi_Minh] PHP Warning:  foreach() argument must be of type array|object, null given in D:\Dự án 1\PKTT_duan1_source\PKTT_duan1_source\App\Views\Client\Pages\Product\Category.php on line 213
[19-Nov-2024 01:10:10 Asia/Ho_Chi_Minh] PHP Parse error:  syntax error, unexpected variable "$product" in D:\Dự án 1\PKTT_duan1_source\PKTT_duan1_source\App\Controllers\Client\ProductController.php on line 25
[19-Nov-2024 01:11:11 Asia/Ho_Chi_Minh] PHP Warning:  Undefined array key "getAllNew" in D:\Dự án 1\PKTT_duan1_source\PKTT_duan1_source\App\Views\Client\Pages\Product\Category.php on line 195
[19-Nov-2024 01:11:11 Asia/Ho_Chi_Minh] PHP Warning:  foreach() argument must be of type array|object, null given in D:\Dự án 1\PKTT_duan1_source\PKTT_duan1_source\App\Views\Client\Pages\Product\Category.php on line 195
[19-Nov-2024 01:11:11 Asia/Ho_Chi_Minh] PHP Warning:  Undefined array key "getAllNew" in D:\Dự án 1\PKTT_duan1_source\PKTT_duan1_source\App\Views\Client\Pages\Product\Category.php on line 214
[19-Nov-2024 01:11:11 Asia/Ho_Chi_Minh] PHP Warning:  foreach() argument must be of type array|object, null given in D:\Dự án 1\PKTT_duan1_source\PKTT_duan1_source\App\Views\Client\Pages\Product\Category.php on line 214
[19-Nov-2024 01:19:09 Asia/Ho_Chi_Minh] PHP Warning:  Undefined array key "category_name" in D:\Dự án 1\PKTT_duan1_source\PKTT_duan1_source\App\Views\Client\Pages\Product\Index.php on line 250
[19-Nov-2024 01:19:09 Asia/Ho_Chi_Minh] PHP Warning:  Undefined array key "category_name" in D:\Dự án 1\PKTT_duan1_source\PKTT_duan1_source\App\Views\Client\Pages\Product\Index.php on line 250
[19-Nov-2024 01:19:09 Asia/Ho_Chi_Minh] PHP Warning:  Undefined array key "category_name" in D:\Dự án 1\PKTT_duan1_source\PKTT_duan1_source\App\Views\Client\Pages\Product\Index.php on line 250
[19-Nov-2024 01:21:08 Asia/Ho_Chi_Minh] PHP Warning:  Undefined array key "categories_name" in D:\Dự án 1\PKTT_duan1_source\PKTT_duan1_source\App\Views\Client\Pages\Product\Index.php on line 250
[19-Nov-2024 01:21:08 Asia/Ho_Chi_Minh] PHP Warning:  Undefined array key "categories_name" in D:\Dự án 1\PKTT_duan1_source\PKTT_duan1_source\App\Views\Client\Pages\Product\Index.php on line 250
[19-Nov-2024 01:21:08 Asia/Ho_Chi_Minh] PHP Warning:  Undefined array key "categories_name" in D:\Dự án 1\PKTT_duan1_source\PKTT_duan1_source\App\Views\Client\Pages\Product\Index.php on line 250
[19-Nov-2024 01:25:16 Asia/Ho_Chi_Minh] PHP Fatal error:  Uncaught mysqli_sql_exception: No data supplied for parameters in prepared statement in D:\Dự án 1\PKTT_duan1_source\PKTT_duan1_source\App\Models\Product.php:80
Stack trace:
#0 D:\Dự án 1\PKTT_duan1_source\PKTT_duan1_source\App\Models\Product.php(80): mysqli_stmt->execute()
#1 D:\Dự án 1\PKTT_duan1_source\PKTT_duan1_source\App\Controllers\Client\ProductController.php(28): App\Models\Product->getAllProductSale()
#2 D:\Dự án 1\PKTT_duan1_source\PKTT_duan1_source\App\Route.php(82): App\Controllers\Client\ProductController::index()
#3 D:\Dự án 1\PKTT_duan1_source\PKTT_duan1_source\index.php(137): App\Route::dispatch()
#4 {main}
  thrown in D:\Dự án 1\PKTT_duan1_source\PKTT_duan1_source\App\Models\Product.php on line 80
[19-Nov-2024 01:25:22 Asia/Ho_Chi_Minh] PHP Fatal error:  Uncaught mysqli_sql_exception: No data supplied for parameters in prepared statement in D:\Dự án 1\PKTT_duan1_source\PKTT_duan1_source\App\Models\Product.php:80
Stack trace:
#0 D:\Dự án 1\PKTT_duan1_source\PKTT_duan1_source\App\Models\Product.php(80): mysqli_stmt->execute()
#1 D:\Dự án 1\PKTT_duan1_source\PKTT_duan1_source\App\Controllers\Client\ProductController.php(28): App\Models\Product->getAllProductSale()
#2 D:\Dự án 1\PKTT_duan1_source\PKTT_duan1_source\App\Route.php(82): App\Controllers\Client\ProductController::index()
#3 D:\Dự án 1\PKTT_duan1_source\PKTT_duan1_source\index.php(137): App\Route::dispatch()
#4 {main}
  thrown in D:\Dự án 1\PKTT_duan1_source\PKTT_duan1_source\App\Models\Product.php on line 80
[19-Nov-2024 01:25:34 Asia/Ho_Chi_Minh] PHP Fatal error:  Uncaught mysqli_sql_exception: No data supplied for parameters in prepared statement in D:\Dự án 1\PKTT_duan1_source\PKTT_duan1_source\App\Models\Product.php:80
Stack trace:
#0 D:\Dự án 1\PKTT_duan1_source\PKTT_duan1_source\App\Models\Product.php(80): mysqli_stmt->execute()
#1 D:\Dự án 1\PKTT_duan1_source\PKTT_duan1_source\App\Controllers\Client\ProductController.php(28): App\Models\Product->getAllProductSale()
#2 D:\Dự án 1\PKTT_duan1_source\PKTT_duan1_source\App\Route.php(82): App\Controllers\Client\ProductController::index()
#3 D:\Dự án 1\PKTT_duan1_source\PKTT_duan1_source\index.php(137): App\Route::dispatch()
#4 {main}
  thrown in D:\Dự án 1\PKTT_duan1_source\PKTT_duan1_source\App\Models\Product.php on line 80
[19-Nov-2024 01:27:16 Asia/Ho_Chi_Minh] PHP Fatal error:  Uncaught mysqli_sql_exception: No data supplied for parameters in prepared statement in D:\Dự án 1\PKTT_duan1_source\PKTT_duan1_source\App\Models\Product.php:80
Stack trace:
#0 D:\Dự án 1\PKTT_duan1_source\PKTT_duan1_source\App\Models\Product.php(80): mysqli_stmt->execute()
#1 D:\Dự án 1\PKTT_duan1_source\PKTT_duan1_source\App\Controllers\Client\ProductController.php(28): App\Models\Product->getAllProductSale()
#2 D:\Dự án 1\PKTT_duan1_source\PKTT_duan1_source\App\Route.php(82): App\Controllers\Client\ProductController::index()
#3 D:\Dự án 1\PKTT_duan1_source\PKTT_duan1_source\index.php(137): App\Route::dispatch()
#4 {main}
  thrown in D:\Dự án 1\PKTT_duan1_source\PKTT_duan1_source\App\Models\Product.php on line 80
[19-Nov-2024 01:28:28 Asia/Ho_Chi_Minh] PHP Warning:  Undefined array key "categories_name" in D:\Dự án 1\PKTT_duan1_source\PKTT_duan1_source\App\Views\Client\Pages\Product\Index.php on line 250
[19-Nov-2024 01:28:28 Asia/Ho_Chi_Minh] PHP Warning:  Undefined array key "categories_name" in D:\Dự án 1\PKTT_duan1_source\PKTT_duan1_source\App\Views\Client\Pages\Product\Index.php on line 250
[19-Nov-2024 01:28:28 Asia/Ho_Chi_Minh] PHP Warning:  Undefined array key "categories_name" in D:\Dự án 1\PKTT_duan1_source\PKTT_duan1_source\App\Views\Client\Pages\Product\Index.php on line 250
[19-Nov-2024 01:31:11 Asia/Ho_Chi_Minh] PHP Warning:  Undefined array key "" in D:\Dự án 1\PKTT_duan1_source\PKTT_duan1_source\App\Views\Client\Pages\Product\Index.php on line 250
[19-Nov-2024 01:31:11 Asia/Ho_Chi_Minh] PHP Warning:  Undefined array key "" in D:\Dự án 1\PKTT_duan1_source\PKTT_duan1_source\App\Views\Client\Pages\Product\Index.php on line 250
[19-Nov-2024 01:31:11 Asia/Ho_Chi_Minh] PHP Warning:  Undefined array key "" in D:\Dự án 1\PKTT_duan1_source\PKTT_duan1_source\App\Views\Client\Pages\Product\Index.php on line 250
[19-Nov-2024 10:23:31 Asia/Ho_Chi_Minh] PHP Warning:  Undefined variable $products in D:\Dự án 1\PKTT_duan1_source\PKTT_duan1_source\App\Controllers\Client\ProductController.php on line 35
[19-Nov-2024 10:23:31 Asia/Ho_Chi_Minh] PHP Warning:  foreach() argument must be of type array|object, null given in D:\Dự án 1\PKTT_duan1_source\PKTT_duan1_source\App\Views\Client\Pages\Product\Index.php on line 305
[19-Nov-2024 14:24:43 Asia/Ho_Chi_Minh] PHP Fatal error:  Uncaught mysqli_sql_exception: No connection could be made because the target machine actively refused it in D:\Dự án 1\PKTT_duan1_source\PKTT_duan1_source\App\Models\Database.php:53
Stack trace:
#0 D:\Dự án 1\PKTT_duan1_source\PKTT_duan1_source\App\Models\Database.php(53): mysqli->__construct()
#1 D:\Dự án 1\PKTT_duan1_source\PKTT_duan1_source\App\Models\BaseModel.php(129): App\Models\Database->MySQLi()
#2 D:\Dự án 1\PKTT_duan1_source\PKTT_duan1_source\App\Models\Category.php(34): App\Models\BaseModel->getAllByStatus()
#3 D:\Dự án 1\PKTT_duan1_source\PKTT_duan1_source\App\Controllers\Client\HomeController.php(20): App\Models\Category->getAllCategoryByStatus()
#4 D:\Dự án 1\PKTT_duan1_source\PKTT_duan1_source\App\Route.php(82): App\Controllers\Client\HomeController::index()
#5 D:\Dự án 1\PKTT_duan1_source\PKTT_duan1_source\index.php(137): App\Route::dispatch()
#6 {main}
  thrown in D:\Dự án 1\PKTT_duan1_source\PKTT_duan1_source\App\Models\Database.php on line 53
[19-Nov-2024 14:24:59 Asia/Ho_Chi_Minh] PHP Fatal error:  Uncaught mysqli_sql_exception: No connection could be made because the target machine actively refused it in D:\Dự án 1\PKTT_duan1_source\PKTT_duan1_source\App\Models\Database.php:53
Stack trace:
#0 D:\Dự án 1\PKTT_duan1_source\PKTT_duan1_source\App\Models\Database.php(53): mysqli->__construct()
#1 D:\Dự án 1\PKTT_duan1_source\PKTT_duan1_source\App\Models\BaseModel.php(129): App\Models\Database->MySQLi()
#2 D:\Dự án 1\PKTT_duan1_source\PKTT_duan1_source\App\Models\Category.php(34): App\Models\BaseModel->getAllByStatus()
#3 D:\Dự án 1\PKTT_duan1_source\PKTT_duan1_source\App\Controllers\Client\HomeController.php(20): App\Models\Category->getAllCategoryByStatus()
#4 D:\Dự án 1\PKTT_duan1_source\PKTT_duan1_source\App\Route.php(82): App\Controllers\Client\HomeController::index()
#5 D:\Dự án 1\PKTT_duan1_source\PKTT_duan1_source\index.php(137): App\Route::dispatch()
#6 {main}
  thrown in D:\Dự án 1\PKTT_duan1_source\PKTT_duan1_source\App\Models\Database.php on line 53
[19-Nov-2024 15:46:52 Asia/Ho_Chi_Minh] PHP Warning:  Undefined array key "product" in D:\Dự án 1\PKTT_duan1_source\PKTT_duan1_source\App\Controllers\Client\ProductController.php on line 65
[19-Nov-2024 15:46:52 Asia/Ho_Chi_Minh] PHP Warning:  Trying to access array offset on value of type null in D:\Dự án 1\PKTT_duan1_source\PKTT_duan1_source\App\Controllers\Client\ProductController.php on line 65
[19-Nov-2024 15:46:57 Asia/Ho_Chi_Minh] PHP Warning:  Undefined array key "product" in D:\Dự án 1\PKTT_duan1_source\PKTT_duan1_source\App\Controllers\Client\ProductController.php on line 65
[19-Nov-2024 15:46:57 Asia/Ho_Chi_Minh] PHP Warning:  Trying to access array offset on value of type null in D:\Dự án 1\PKTT_duan1_source\PKTT_duan1_source\App\Controllers\Client\ProductController.php on line 65
[19-Nov-2024 15:46:57 Asia/Ho_Chi_Minh] PHP Fatal error:  Uncaught TypeError: error_log(): Argument #2 ($message_type) must be of type int, string given in D:\Dự án 1\PKTT_duan1_source\PKTT_duan1_source\App\Models\BaseModel.php:105
Stack trace:
#0 D:\Dự án 1\PKTT_duan1_source\PKTT_duan1_source\App\Models\BaseModel.php(105): error_log()
#1 D:\Dự án 1\PKTT_duan1_source\PKTT_duan1_source\App\Models\Product.php(25): App\Models\BaseModel->update()
#2 D:\Dự án 1\PKTT_duan1_source\PKTT_duan1_source\App\Helpers\ViewProductHelper.php(69): App\Models\Product->updateProduct()
#3 D:\Dự án 1\PKTT_duan1_source\PKTT_duan1_source\App\Helpers\ViewProductHelper.php(61): App\Helpers\ViewProductHelper::updateView()
#4 D:\Dự án 1\PKTT_duan1_source\PKTT_duan1_source\App\Controllers\Client\ProductController.php(65): App\Helpers\ViewProductHelper::cookieView()
#5 D:\Dự án 1\PKTT_duan1_source\PKTT_duan1_source\App\Route.php(104): App\Controllers\Client\ProductController::detail()
#6 D:\Dự án 1\PKTT_duan1_source\PKTT_duan1_source\index.php(137): App\Route::dispatch()
#7 {main}
  thrown in D:\Dự án 1\PKTT_duan1_source\PKTT_duan1_source\App\Models\BaseModel.php on line 105
[19-Nov-2024 15:47:01 Asia/Ho_Chi_Minh] PHP Warning:  Undefined array key "product" in D:\Dự án 1\PKTT_duan1_source\PKTT_duan1_source\App\Controllers\Client\ProductController.php on line 65
[19-Nov-2024 15:47:01 Asia/Ho_Chi_Minh] PHP Warning:  Trying to access array offset on value of type null in D:\Dự án 1\PKTT_duan1_source\PKTT_duan1_source\App\Controllers\Client\ProductController.php on line 65
[19-Nov-2024 15:47:01 Asia/Ho_Chi_Minh] PHP Fatal error:  Uncaught TypeError: error_log(): Argument #2 ($message_type) must be of type int, string given in D:\Dự án 1\PKTT_duan1_source\PKTT_duan1_source\App\Models\BaseModel.php:105
Stack trace:
#0 D:\Dự án 1\PKTT_duan1_source\PKTT_duan1_source\App\Models\BaseModel.php(105): error_log()
#1 D:\Dự án 1\PKTT_duan1_source\PKTT_duan1_source\App\Models\Product.php(25): App\Models\BaseModel->update()
#2 D:\Dự án 1\PKTT_duan1_source\PKTT_duan1_source\App\Helpers\ViewProductHelper.php(69): App\Models\Product->updateProduct()
#3 D:\Dự án 1\PKTT_duan1_source\PKTT_duan1_source\App\Helpers\ViewProductHelper.php(61): App\Helpers\ViewProductHelper::updateView()
#4 D:\Dự án 1\PKTT_duan1_source\PKTT_duan1_source\App\Controllers\Client\ProductController.php(65): App\Helpers\ViewProductHelper::cookieView()
#5 D:\Dự án 1\PKTT_duan1_source\PKTT_duan1_source\App\Route.php(104): App\Controllers\Client\ProductController::detail()
#6 D:\Dự án 1\PKTT_duan1_source\PKTT_duan1_source\index.php(137): App\Route::dispatch()
#7 {main}
  thrown in D:\Dự án 1\PKTT_duan1_source\PKTT_duan1_source\App\Models\BaseModel.php on line 105
[19-Nov-2024 16:41:15 Asia/Ho_Chi_Minh] Lỗi khi thêm dữ liệu: Unknown column 'phone' in 'field list'
[19-Nov-2024 21:40:26 Asia/Ho_Chi_Minh] PHP Warning:  Undefined array key "address" in D:\Dự án 1\PKTT_duan1_source\PKTT_duan1_source\App\Views\Client\Pages\Auth\User_profile.php on line 32
[19-Nov-2024 21:40:30 Asia/Ho_Chi_Minh] PHP Warning:  Undefined array key "address" in D:\Dự án 1\PKTT_duan1_source\PKTT_duan1_source\App\Views\Client\Pages\Auth\User_profile.php on line 32
[19-Nov-2024 21:59:19 Asia/Ho_Chi_Minh] PHP Warning:  Undefined array key "status" in D:\Dự án 1\PKTT_duan1_source\PKTT_duan1_source\App\Views\Admin\Pages\Comment\Index.php on line 59
[20-Nov-2024 18:25:08 Asia/Ho_Chi_Minh] PHP Warning:  Undefined array key "images" in D:\Dự án 1\PKTT_duan1_source\PKTT_duan1_source\App\Views\Client\Pages\Product\Detail.php on line 95
[20-Nov-2024 18:25:08 Asia/Ho_Chi_Minh] PHP Fatal error:  Uncaught TypeError: array_unique(): Argument #1 ($array) must be of type array, null given in D:\Dự án 1\PKTT_duan1_source\PKTT_duan1_source\App\Views\Client\Pages\Product\Detail.php:95
Stack trace:
#0 D:\Dự án 1\PKTT_duan1_source\PKTT_duan1_source\App\Views\Client\Pages\Product\Detail.php(95): array_unique()
#1 D:\Dự án 1\PKTT_duan1_source\PKTT_duan1_source\App\Controllers\Client\ProductController.php(65): App\Views\Client\Pages\Product\Detail::render()
#2 D:\Dự án 1\PKTT_duan1_source\PKTT_duan1_source\App\Route.php(104): App\Controllers\Client\ProductController::detail()
#3 D:\Dự án 1\PKTT_duan1_source\PKTT_duan1_source\index.php(155): App\Route::dispatch()
#4 {main}
  thrown in D:\Dự án 1\PKTT_duan1_source\PKTT_duan1_source\App\Views\Client\Pages\Product\Detail.php on line 95
[20-Nov-2024 18:38:20 Asia/Ho_Chi_Minh] PHP Warning:  Undefined array key "images" in D:\Dự án 1\PKTT_duan1_source\PKTT_duan1_source\App\Views\Client\Pages\Product\Detail.php on line 89
[20-Nov-2024 18:38:20 Asia/Ho_Chi_Minh] PHP Fatal error:  Uncaught TypeError: array_unshift(): Argument #1 ($array) must be of type array, null given in D:\Dự án 1\PKTT_duan1_source\PKTT_duan1_source\App\Views\Client\Pages\Product\Detail.php:90
Stack trace:
#0 D:\Dự án 1\PKTT_duan1_source\PKTT_duan1_source\App\Views\Client\Pages\Product\Detail.php(90): array_unshift()
#1 D:\Dự án 1\PKTT_duan1_source\PKTT_duan1_source\App\Controllers\Client\ProductController.php(65): App\Views\Client\Pages\Product\Detail::render()
#2 D:\Dự án 1\PKTT_duan1_source\PKTT_duan1_source\App\Route.php(104): App\Controllers\Client\ProductController::detail()
#3 D:\Dự án 1\PKTT_duan1_source\PKTT_duan1_source\index.php(155): App\Route::dispatch()
#4 {main}
  thrown in D:\Dự án 1\PKTT_duan1_source\PKTT_duan1_source\App\Views\Client\Pages\Product\Detail.php on line 90
[20-Nov-2024 18:39:12 Asia/Ho_Chi_Minh] PHP Warning:  Undefined array key "images" in D:\Dự án 1\PKTT_duan1_source\PKTT_duan1_source\App\Views\Client\Pages\Product\Detail.php on line 89
[20-Nov-2024 18:39:12 Asia/Ho_Chi_Minh] PHP Fatal error:  Uncaught TypeError: array_unshift(): Argument #1 ($array) must be of type array, null given in D:\Dự án 1\PKTT_duan1_source\PKTT_duan1_source\App\Views\Client\Pages\Product\Detail.php:90
Stack trace:
#0 D:\Dự án 1\PKTT_duan1_source\PKTT_duan1_source\App\Views\Client\Pages\Product\Detail.php(90): array_unshift()
#1 D:\Dự án 1\PKTT_duan1_source\PKTT_duan1_source\App\Controllers\Client\ProductController.php(65): App\Views\Client\Pages\Product\Detail::render()
#2 D:\Dự án 1\PKTT_duan1_source\PKTT_duan1_source\App\Route.php(104): App\Controllers\Client\ProductController::detail()
#3 D:\Dự án 1\PKTT_duan1_source\PKTT_duan1_source\index.php(155): App\Route::dispatch()
#4 {main}
  thrown in D:\Dự án 1\PKTT_duan1_source\PKTT_duan1_source\App\Views\Client\Pages\Product\Detail.php on line 90
[20-Nov-2024 18:39:13 Asia/Ho_Chi_Minh] PHP Warning:  Undefined array key "images" in D:\Dự án 1\PKTT_duan1_source\PKTT_duan1_source\App\Views\Client\Pages\Product\Detail.php on line 89
[20-Nov-2024 18:39:13 Asia/Ho_Chi_Minh] PHP Fatal error:  Uncaught TypeError: array_unshift(): Argument #1 ($array) must be of type array, null given in D:\Dự án 1\PKTT_duan1_source\PKTT_duan1_source\App\Views\Client\Pages\Product\Detail.php:90
Stack trace:
#0 D:\Dự án 1\PKTT_duan1_source\PKTT_duan1_source\App\Views\Client\Pages\Product\Detail.php(90): array_unshift()
#1 D:\Dự án 1\PKTT_duan1_source\PKTT_duan1_source\App\Controllers\Client\ProductController.php(65): App\Views\Client\Pages\Product\Detail::render()
#2 D:\Dự án 1\PKTT_duan1_source\PKTT_duan1_source\App\Route.php(104): App\Controllers\Client\ProductController::detail()
#3 D:\Dự án 1\PKTT_duan1_source\PKTT_duan1_source\index.php(155): App\Route::dispatch()
#4 {main}
  thrown in D:\Dự án 1\PKTT_duan1_source\PKTT_duan1_source\App\Views\Client\Pages\Product\Detail.php on line 90
[20-Nov-2024 18:39:13 Asia/Ho_Chi_Minh] PHP Warning:  Undefined array key "images" in D:\Dự án 1\PKTT_duan1_source\PKTT_duan1_source\App\Views\Client\Pages\Product\Detail.php on line 89
[20-Nov-2024 18:39:13 Asia/Ho_Chi_Minh] PHP Fatal error:  Uncaught TypeError: array_unshift(): Argument #1 ($array) must be of type array, null given in D:\Dự án 1\PKTT_duan1_source\PKTT_duan1_source\App\Views\Client\Pages\Product\Detail.php:90
Stack trace:
#0 D:\Dự án 1\PKTT_duan1_source\PKTT_duan1_source\App\Views\Client\Pages\Product\Detail.php(90): array_unshift()
#1 D:\Dự án 1\PKTT_duan1_source\PKTT_duan1_source\App\Controllers\Client\ProductController.php(65): App\Views\Client\Pages\Product\Detail::render()
#2 D:\Dự án 1\PKTT_duan1_source\PKTT_duan1_source\App\Route.php(104): App\Controllers\Client\ProductController::detail()
#3 D:\Dự án 1\PKTT_duan1_source\PKTT_duan1_source\index.php(155): App\Route::dispatch()
#4 {main}
  thrown in D:\Dự án 1\PKTT_duan1_source\PKTT_duan1_source\App\Views\Client\Pages\Product\Detail.php on line 90
[20-Nov-2024 18:39:13 Asia/Ho_Chi_Minh] PHP Warning:  Undefined array key "images" in D:\Dự án 1\PKTT_duan1_source\PKTT_duan1_source\App\Views\Client\Pages\Product\Detail.php on line 89
[20-Nov-2024 18:39:13 Asia/Ho_Chi_Minh] PHP Fatal error:  Uncaught TypeError: array_unshift(): Argument #1 ($array) must be of type array, null given in D:\Dự án 1\PKTT_duan1_source\PKTT_duan1_source\App\Views\Client\Pages\Product\Detail.php:90
Stack trace:
#0 D:\Dự án 1\PKTT_duan1_source\PKTT_duan1_source\App\Views\Client\Pages\Product\Detail.php(90): array_unshift()
#1 D:\Dự án 1\PKTT_duan1_source\PKTT_duan1_source\App\Controllers\Client\ProductController.php(65): App\Views\Client\Pages\Product\Detail::render()
#2 D:\Dự án 1\PKTT_duan1_source\PKTT_duan1_source\App\Route.php(104): App\Controllers\Client\ProductController::detail()
#3 D:\Dự án 1\PKTT_duan1_source\PKTT_duan1_source\index.php(155): App\Route::dispatch()
#4 {main}
  thrown in D:\Dự án 1\PKTT_duan1_source\PKTT_duan1_source\App\Views\Client\Pages\Product\Detail.php on line 90
[20-Nov-2024 18:39:21 Asia/Ho_Chi_Minh] PHP Warning:  Undefined array key "images" in D:\Dự án 1\PKTT_duan1_source\PKTT_duan1_source\App\Views\Client\Pages\Product\Detail.php on line 89
[20-Nov-2024 18:39:21 Asia/Ho_Chi_Minh] PHP Fatal error:  Uncaught TypeError: array_unshift(): Argument #1 ($array) must be of type array, null given in D:\Dự án 1\PKTT_duan1_source\PKTT_duan1_source\App\Views\Client\Pages\Product\Detail.php:90
Stack trace:
#0 D:\Dự án 1\PKTT_duan1_source\PKTT_duan1_source\App\Views\Client\Pages\Product\Detail.php(90): array_unshift()
#1 D:\Dự án 1\PKTT_duan1_source\PKTT_duan1_source\App\Controllers\Client\ProductController.php(65): App\Views\Client\Pages\Product\Detail::render()
#2 D:\Dự án 1\PKTT_duan1_source\PKTT_duan1_source\App\Route.php(104): App\Controllers\Client\ProductController::detail()
#3 D:\Dự án 1\PKTT_duan1_source\PKTT_duan1_source\index.php(155): App\Route::dispatch()
#4 {main}
  thrown in D:\Dự án 1\PKTT_duan1_source\PKTT_duan1_source\App\Views\Client\Pages\Product\Detail.php on line 90
[20-Nov-2024 18:44:03 Asia/Ho_Chi_Minh] PHP Warning:  Undefined array key "images" in D:\Dự án 1\PKTT_duan1_source\PKTT_duan1_source\App\Views\Client\Pages\Product\Detail.php on line 89
[20-Nov-2024 18:44:03 Asia/Ho_Chi_Minh] PHP Fatal error:  Uncaught TypeError: array_unshift(): Argument #1 ($array) must be of type array, null given in D:\Dự án 1\PKTT_duan1_source\PKTT_duan1_source\App\Views\Client\Pages\Product\Detail.php:90
Stack trace:
#0 D:\Dự án 1\PKTT_duan1_source\PKTT_duan1_source\App\Views\Client\Pages\Product\Detail.php(90): array_unshift()
#1 D:\Dự án 1\PKTT_duan1_source\PKTT_duan1_source\App\Controllers\Client\ProductController.php(65): App\Views\Client\Pages\Product\Detail::render()
#2 D:\Dự án 1\PKTT_duan1_source\PKTT_duan1_source\App\Route.php(104): App\Controllers\Client\ProductController::detail()
#3 D:\Dự án 1\PKTT_duan1_source\PKTT_duan1_source\index.php(155): App\Route::dispatch()
#4 {main}
  thrown in D:\Dự án 1\PKTT_duan1_source\PKTT_duan1_source\App\Views\Client\Pages\Product\Detail.php on line 90
[20-Nov-2024 18:55:17 Asia/Ho_Chi_Minh] PHP Warning:  Undefined array key "category_name" in D:\Dự án 1\PKTT_duan1_source\PKTT_duan1_source\App\Views\Client\Pages\Product\Detail.php on line 73
[20-Nov-2024 18:56:56 Asia/Ho_Chi_Minh] PHP Warning:  Undefined array key "category_name" in D:\Dự án 1\PKTT_duan1_source\PKTT_duan1_source\App\Views\Client\Pages\Product\Detail.php on line 73
[20-Nov-2024 19:00:32 Asia/Ho_Chi_Minh] PHP Warning:  Undefined array key "category_name" in D:\Dự án 1\PKTT_duan1_source\PKTT_duan1_source\App\Views\Client\Pages\Product\Detail.php on line 73
[20-Nov-2024 21:27:32 Asia/Ho_Chi_Minh] PHP Warning:  Undefined array key "categories" in D:\Dự án 1\PKTT_duan1_source\PKTT_duan1_source\App\Views\Client\Pages\Product\Detail.php on line 23
[20-Nov-2024 21:27:32 Asia/Ho_Chi_Minh] PHP Warning:  Trying to access array offset on value of type null in D:\Dự án 1\PKTT_duan1_source\PKTT_duan1_source\App\Views\Client\Pages\Product\Category.php on line 101
[20-Nov-2024 21:27:32 Asia/Ho_Chi_Minh] PHP Warning:  foreach() argument must be of type array|object, null given in D:\Dự án 1\PKTT_duan1_source\PKTT_duan1_source\App\Views\Client\Components\Category.php on line 16
[20-Nov-2024 21:27:32 Asia/Ho_Chi_Minh] PHP Warning:  Trying to access array offset on value of type null in D:\Dự án 1\PKTT_duan1_source\PKTT_duan1_source\App\Views\Client\Pages\Product\Category.php on line 195
[20-Nov-2024 21:27:32 Asia/Ho_Chi_Minh] PHP Warning:  foreach() argument must be of type array|object, null given in D:\Dự án 1\PKTT_duan1_source\PKTT_duan1_source\App\Views\Client\Pages\Product\Category.php on line 195
[20-Nov-2024 21:27:32 Asia/Ho_Chi_Minh] PHP Warning:  Trying to access array offset on value of type null in D:\Dự án 1\PKTT_duan1_source\PKTT_duan1_source\App\Views\Client\Pages\Product\Category.php on line 214
[20-Nov-2024 21:27:32 Asia/Ho_Chi_Minh] PHP Warning:  foreach() argument must be of type array|object, null given in D:\Dự án 1\PKTT_duan1_source\PKTT_duan1_source\App\Views\Client\Pages\Product\Category.php on line 214
[20-Nov-2024 21:27:32 Asia/Ho_Chi_Minh] PHP Warning:  Trying to access array offset on value of type null in D:\Dự án 1\PKTT_duan1_source\PKTT_duan1_source\App\Views\Client\Pages\Product\Category.php on line 246
[20-Nov-2024 21:27:32 Asia/Ho_Chi_Minh] PHP Warning:  foreach() argument must be of type array|object, null given in D:\Dự án 1\PKTT_duan1_source\PKTT_duan1_source\App\Views\Client\Pages\Product\Category.php on line 246
[20-Nov-2024 21:27:32 Asia/Ho_Chi_Minh] PHP Warning:  Trying to access array offset on value of type null in D:\Dự án 1\PKTT_duan1_source\PKTT_duan1_source\App\Views\Client\Pages\Product\Category.php on line 308
[20-Nov-2024 21:27:32 Asia/Ho_Chi_Minh] PHP Warning:  foreach() argument must be of type array|object, null given in D:\Dự án 1\PKTT_duan1_source\PKTT_duan1_source\App\Views\Client\Pages\Product\Category.php on line 308
[20-Nov-2024 21:29:51 Asia/Ho_Chi_Minh] PHP Warning:  Undefined array key "categories" in D:\Dự án 1\PKTT_duan1_source\PKTT_duan1_source\App\Views\Client\Pages\Product\Category.php on line 101
[20-Nov-2024 21:29:51 Asia/Ho_Chi_Minh] PHP Warning:  foreach() argument must be of type array|object, null given in D:\Dự án 1\PKTT_duan1_source\PKTT_duan1_source\App\Views\Client\Components\Category.php on line 16
[20-Nov-2024 21:29:51 Asia/Ho_Chi_Minh] PHP Warning:  Undefined array key "getAllNew" in D:\Dự án 1\PKTT_duan1_source\PKTT_duan1_source\App\Views\Client\Pages\Product\Category.php on line 195
[20-Nov-2024 21:29:51 Asia/Ho_Chi_Minh] PHP Warning:  foreach() argument must be of type array|object, null given in D:\Dự án 1\PKTT_duan1_source\PKTT_duan1_source\App\Views\Client\Pages\Product\Category.php on line 195
[20-Nov-2024 21:29:51 Asia/Ho_Chi_Minh] PHP Warning:  Undefined array key "getAllNew" in D:\Dự án 1\PKTT_duan1_source\PKTT_duan1_source\App\Views\Client\Pages\Product\Category.php on line 214
[20-Nov-2024 21:29:51 Asia/Ho_Chi_Minh] PHP Warning:  foreach() argument must be of type array|object, null given in D:\Dự án 1\PKTT_duan1_source\PKTT_duan1_source\App\Views\Client\Pages\Product\Category.php on line 214
[20-Nov-2024 21:29:51 Asia/Ho_Chi_Minh] PHP Warning:  Undefined array key "getAllSale" in D:\Dự án 1\PKTT_duan1_source\PKTT_duan1_source\App\Views\Client\Pages\Product\Category.php on line 246
[20-Nov-2024 21:29:51 Asia/Ho_Chi_Minh] PHP Warning:  foreach() argument must be of type array|object, null given in D:\Dự án 1\PKTT_duan1_source\PKTT_duan1_source\App\Views\Client\Pages\Product\Category.php on line 246
[20-Nov-2024 21:29:51 Asia/Ho_Chi_Minh] PHP Warning:  Undefined array key "products" in D:\Dự án 1\PKTT_duan1_source\PKTT_duan1_source\App\Views\Client\Pages\Product\Category.php on line 308
[20-Nov-2024 21:29:51 Asia/Ho_Chi_Minh] PHP Warning:  foreach() argument must be of type array|object, null given in D:\Dự án 1\PKTT_duan1_source\PKTT_duan1_source\App\Views\Client\Pages\Product\Category.php on line 308
[20-Nov-2024 21:30:58 Asia/Ho_Chi_Minh] PHP Warning:  Undefined array key "categories" in D:\Dự án 1\PKTT_duan1_source\PKTT_duan1_source\App\Views\Client\Pages\Product\Category.php on line 101
[20-Nov-2024 21:30:58 Asia/Ho_Chi_Minh] PHP Warning:  foreach() argument must be of type array|object, null given in D:\Dự án 1\PKTT_duan1_source\PKTT_duan1_source\App\Views\Client\Components\Category.php on line 16
[20-Nov-2024 21:30:58 Asia/Ho_Chi_Minh] PHP Warning:  Undefined array key "getAllNew" in D:\Dự án 1\PKTT_duan1_source\PKTT_duan1_source\App\Views\Client\Pages\Product\Category.php on line 195
[20-Nov-2024 21:30:58 Asia/Ho_Chi_Minh] PHP Warning:  foreach() argument must be of type array|object, null given in D:\Dự án 1\PKTT_duan1_source\PKTT_duan1_source\App\Views\Client\Pages\Product\Category.php on line 195
[20-Nov-2024 21:30:58 Asia/Ho_Chi_Minh] PHP Warning:  Undefined array key "getAllNew" in D:\Dự án 1\PKTT_duan1_source\PKTT_duan1_source\App\Views\Client\Pages\Product\Category.php on line 214
[20-Nov-2024 21:30:58 Asia/Ho_Chi_Minh] PHP Warning:  foreach() argument must be of type array|object, null given in D:\Dự án 1\PKTT_duan1_source\PKTT_duan1_source\App\Views\Client\Pages\Product\Category.php on line 214
[20-Nov-2024 21:30:58 Asia/Ho_Chi_Minh] PHP Warning:  Undefined array key "getAllSale" in D:\Dự án 1\PKTT_duan1_source\PKTT_duan1_source\App\Views\Client\Pages\Product\Category.php on line 246
[20-Nov-2024 21:30:58 Asia/Ho_Chi_Minh] PHP Warning:  foreach() argument must be of type array|object, null given in D:\Dự án 1\PKTT_duan1_source\PKTT_duan1_source\App\Views\Client\Pages\Product\Category.php on line 246
[20-Nov-2024 21:30:58 Asia/Ho_Chi_Minh] PHP Warning:  Undefined array key "products" in D:\Dự án 1\PKTT_duan1_source\PKTT_duan1_source\App\Views\Client\Pages\Product\Category.php on line 308
[20-Nov-2024 21:30:58 Asia/Ho_Chi_Minh] PHP Warning:  foreach() argument must be of type array|object, null given in D:\Dự án 1\PKTT_duan1_source\PKTT_duan1_source\App\Views\Client\Pages\Product\Category.php on line 308
[21-Nov-2024 00:00:29 Asia/Ho_Chi_Minh] PHP Warning:  Undefined array key "category_id" in D:\Dự án 1\PKTT_duan1_source\PKTT_duan1_source\App\Views\Client\Home.php on line 80
[21-Nov-2024 00:00:29 Asia/Ho_Chi_Minh] PHP Warning:  Undefined array key "category_id" in D:\Dự án 1\PKTT_duan1_source\PKTT_duan1_source\App\Views\Client\Home.php on line 80
[21-Nov-2024 00:00:29 Asia/Ho_Chi_Minh] PHP Warning:  Undefined array key "category_id" in D:\Dự án 1\PKTT_duan1_source\PKTT_duan1_source\App\Views\Client\Home.php on line 80
[21-Nov-2024 00:00:29 Asia/Ho_Chi_Minh] PHP Warning:  Undefined array key "category_id" in D:\Dự án 1\PKTT_duan1_source\PKTT_duan1_source\App\Views\Client\Home.php on line 80
[21-Nov-2024 00:00:29 Asia/Ho_Chi_Minh] PHP Warning:  Undefined array key "category_id" in D:\Dự án 1\PKTT_duan1_source\PKTT_duan1_source\App\Views\Client\Home.php on line 80
[21-Nov-2024 00:00:29 Asia/Ho_Chi_Minh] PHP Warning:  Undefined array key "category_id" in D:\Dự án 1\PKTT_duan1_source\PKTT_duan1_source\App\Views\Client\Home.php on line 80
[21-Nov-2024 00:00:29 Asia/Ho_Chi_Minh] PHP Warning:  Undefined array key "category_id" in D:\Dự án 1\PKTT_duan1_source\PKTT_duan1_source\App\Views\Client\Home.php on line 80
[21-Nov-2024 00:00:29 Asia/Ho_Chi_Minh] PHP Warning:  Undefined array key "category_id" in D:\Dự án 1\PKTT_duan1_source\PKTT_duan1_source\App\Views\Client\Home.php on line 80
[21-Nov-2024 00:00:29 Asia/Ho_Chi_Minh] PHP Warning:  Undefined array key "category_id" in D:\Dự án 1\PKTT_duan1_source\PKTT_duan1_source\App\Views\Client\Home.php on line 80
[21-Nov-2024 00:00:29 Asia/Ho_Chi_Minh] PHP Warning:  Undefined array key "category_id" in D:\Dự án 1\PKTT_duan1_source\PKTT_duan1_source\App\Views\Client\Home.php on line 80
[21-Nov-2024 00:04:58 Asia/Ho_Chi_Minh] PHP Warning:  Undefined array key "category_id" in D:\Dự án 1\PKTT_duan1_source\PKTT_duan1_source\App\Views\Client\Home.php on line 80
[21-Nov-2024 00:04:58 Asia/Ho_Chi_Minh] PHP Warning:  Undefined array key "category_id" in D:\Dự án 1\PKTT_duan1_source\PKTT_duan1_source\App\Views\Client\Home.php on line 80
[21-Nov-2024 00:04:58 Asia/Ho_Chi_Minh] PHP Warning:  Undefined array key "category_id" in D:\Dự án 1\PKTT_duan1_source\PKTT_duan1_source\App\Views\Client\Home.php on line 80
[21-Nov-2024 00:04:58 Asia/Ho_Chi_Minh] PHP Warning:  Undefined array key "category_id" in D:\Dự án 1\PKTT_duan1_source\PKTT_duan1_source\App\Views\Client\Home.php on line 80
[21-Nov-2024 00:04:58 Asia/Ho_Chi_Minh] PHP Warning:  Undefined array key "category_id" in D:\Dự án 1\PKTT_duan1_source\PKTT_duan1_source\App\Views\Client\Home.php on line 80
[21-Nov-2024 00:04:58 Asia/Ho_Chi_Minh] PHP Warning:  Undefined array key "category_id" in D:\Dự án 1\PKTT_duan1_source\PKTT_duan1_source\App\Views\Client\Home.php on line 80
[21-Nov-2024 00:04:58 Asia/Ho_Chi_Minh] PHP Warning:  Undefined array key "category_id" in D:\Dự án 1\PKTT_duan1_source\PKTT_duan1_source\App\Views\Client\Home.php on line 80
[21-Nov-2024 00:04:58 Asia/Ho_Chi_Minh] PHP Warning:  Undefined array key "category_id" in D:\Dự án 1\PKTT_duan1_source\PKTT_duan1_source\App\Views\Client\Home.php on line 80
[21-Nov-2024 00:04:58 Asia/Ho_Chi_Minh] PHP Warning:  Undefined array key "category_id" in D:\Dự án 1\PKTT_duan1_source\PKTT_duan1_source\App\Views\Client\Home.php on line 80
[21-Nov-2024 00:04:58 Asia/Ho_Chi_Minh] PHP Warning:  Undefined array key "category_id" in D:\Dự án 1\PKTT_duan1_source\PKTT_duan1_source\App\Views\Client\Home.php on line 80
[21-Nov-2024 16:31:11 Asia/Ho_Chi_Minh] PHP Deprecated:  number_format(): Passing null to parameter #1 ($num) of type float is deprecated in D:\Dự án 1\PKTT_duan1_source\PKTT_duan1_source\App\Views\Admin\Pages\Product\Index.php on line 57
[21-Nov-2024 16:31:11 Asia/Ho_Chi_Minh] PHP Deprecated:  number_format(): Passing null to parameter #1 ($num) of type float is deprecated in D:\Dự án 1\PKTT_duan1_source\PKTT_duan1_source\App\Views\Admin\Pages\Product\Index.php on line 57
[21-Nov-2024 16:31:11 Asia/Ho_Chi_Minh] PHP Deprecated:  number_format(): Passing null to parameter #1 ($num) of type float is deprecated in D:\Dự án 1\PKTT_duan1_source\PKTT_duan1_source\App\Views\Admin\Pages\Product\Index.php on line 57
[21-Nov-2024 16:31:43 Asia/Ho_Chi_Minh] PHP Deprecated:  number_format(): Passing null to parameter #1 ($num) of type float is deprecated in D:\Dự án 1\PKTT_duan1_source\PKTT_duan1_source\App\Views\Admin\Pages\Product\Index.php on line 57
[21-Nov-2024 16:31:43 Asia/Ho_Chi_Minh] PHP Deprecated:  number_format(): Passing null to parameter #1 ($num) of type float is deprecated in D:\Dự án 1\PKTT_duan1_source\PKTT_duan1_source\App\Views\Admin\Pages\Product\Index.php on line 57
[21-Nov-2024 16:31:43 Asia/Ho_Chi_Minh] PHP Deprecated:  number_format(): Passing null to parameter #1 ($num) of type float is deprecated in D:\Dự án 1\PKTT_duan1_source\PKTT_duan1_source\App\Views\Admin\Pages\Product\Index.php on line 57
[21-Nov-2024 16:32:05 Asia/Ho_Chi_Minh] PHP Deprecated:  number_format(): Passing null to parameter #1 ($num) of type float is deprecated in D:\Dự án 1\PKTT_duan1_source\PKTT_duan1_source\App\Views\Admin\Pages\Product\Index.php on line 57
[21-Nov-2024 16:32:05 Asia/Ho_Chi_Minh] PHP Deprecated:  number_format(): Passing null to parameter #1 ($num) of type float is deprecated in D:\Dự án 1\PKTT_duan1_source\PKTT_duan1_source\App\Views\Admin\Pages\Product\Index.php on line 57
[21-Nov-2024 16:32:05 Asia/Ho_Chi_Minh] PHP Deprecated:  number_format(): Passing null to parameter #1 ($num) of type float is deprecated in D:\Dự án 1\PKTT_duan1_source\PKTT_duan1_source\App\Views\Admin\Pages\Product\Index.php on line 57
[21-Nov-2024 16:32:31 Asia/Ho_Chi_Minh] PHP Deprecated:  number_format(): Passing null to parameter #1 ($num) of type float is deprecated in D:\Dự án 1\PKTT_duan1_source\PKTT_duan1_source\App\Views\Admin\Pages\Product\Index.php on line 57
[21-Nov-2024 16:32:31 Asia/Ho_Chi_Minh] PHP Deprecated:  number_format(): Passing null to parameter #1 ($num) of type float is deprecated in D:\Dự án 1\PKTT_duan1_source\PKTT_duan1_source\App\Views\Admin\Pages\Product\Index.php on line 57
[21-Nov-2024 16:32:31 Asia/Ho_Chi_Minh] PHP Deprecated:  number_format(): Passing null to parameter #1 ($num) of type float is deprecated in D:\Dự án 1\PKTT_duan1_source\PKTT_duan1_source\App\Views\Admin\Pages\Product\Index.php on line 57
[21-Nov-2024 16:36:28 Asia/Ho_Chi_Minh] PHP Deprecated:  number_format(): Passing null to parameter #1 ($num) of type float is deprecated in D:\Dự án 1\PKTT_duan1_source\PKTT_duan1_source\App\Views\Admin\Pages\Product\Index.php on line 57
[21-Nov-2024 16:36:28 Asia/Ho_Chi_Minh] PHP Deprecated:  number_format(): Passing null to parameter #1 ($num) of type float is deprecated in D:\Dự án 1\PKTT_duan1_source\PKTT_duan1_source\App\Views\Admin\Pages\Product\Index.php on line 57
[21-Nov-2024 16:36:28 Asia/Ho_Chi_Minh] PHP Deprecated:  number_format(): Passing null to parameter #1 ($num) of type float is deprecated in D:\Dự án 1\PKTT_duan1_source\PKTT_duan1_source\App\Views\Admin\Pages\Product\Index.php on line 57
[21-Nov-2024 16:36:46 Asia/Ho_Chi_Minh] PHP Deprecated:  number_format(): Passing null to parameter #1 ($num) of type float is deprecated in D:\Dự án 1\PKTT_duan1_source\PKTT_duan1_source\App\Views\Admin\Pages\Product\Index.php on line 57
[21-Nov-2024 16:36:46 Asia/Ho_Chi_Minh] PHP Deprecated:  number_format(): Passing null to parameter #1 ($num) of type float is deprecated in D:\Dự án 1\PKTT_duan1_source\PKTT_duan1_source\App\Views\Admin\Pages\Product\Index.php on line 57
[21-Nov-2024 16:36:46 Asia/Ho_Chi_Minh] PHP Deprecated:  number_format(): Passing null to parameter #1 ($num) of type float is deprecated in D:\Dự án 1\PKTT_duan1_source\PKTT_duan1_source\App\Views\Admin\Pages\Product\Index.php on line 57
[21-Nov-2024 17:18:02 Asia/Ho_Chi_Minh] PHP Warning:  Trying to access array offset on value of type null in D:\Dự án 1\PKTT_duan1_source\PKTT_duan1_source\App\Views\Client\Pages\Cart\Index.php on line 68
[21-Nov-2024 17:18:02 Asia/Ho_Chi_Minh] PHP Warning:  Trying to access array offset on value of type null in D:\Dự án 1\PKTT_duan1_source\PKTT_duan1_source\App\Views\Client\Pages\Cart\Index.php on line 79
[21-Nov-2024 17:18:16 Asia/Ho_Chi_Minh] PHP Warning:  Trying to access array offset on value of type null in D:\Dự án 1\PKTT_duan1_source\PKTT_duan1_source\App\Views\Client\Pages\Cart\Index.php on line 68
[21-Nov-2024 17:18:16 Asia/Ho_Chi_Minh] PHP Warning:  Trying to access array offset on value of type null in D:\Dự án 1\PKTT_duan1_source\PKTT_duan1_source\App\Views\Client\Pages\Cart\Index.php on line 79
[21-Nov-2024 17:18:26 Asia/Ho_Chi_Minh] PHP Warning:  Trying to access array offset on value of type null in D:\Dự án 1\PKTT_duan1_source\PKTT_duan1_source\App\Views\Client\Pages\Cart\Index.php on line 68
[21-Nov-2024 17:18:26 Asia/Ho_Chi_Minh] PHP Warning:  Trying to access array offset on value of type null in D:\Dự án 1\PKTT_duan1_source\PKTT_duan1_source\App\Views\Client\Pages\Cart\Index.php on line 79
[21-Nov-2024 17:18:45 Asia/Ho_Chi_Minh] PHP Warning:  Trying to access array offset on value of type null in D:\Dự án 1\PKTT_duan1_source\PKTT_duan1_source\App\Views\Client\Pages\Cart\Index.php on line 68
[21-Nov-2024 17:18:45 Asia/Ho_Chi_Minh] PHP Warning:  Trying to access array offset on value of type null in D:\Dự án 1\PKTT_duan1_source\PKTT_duan1_source\App\Views\Client\Pages\Cart\Index.php on line 79
[21-Nov-2024 17:18:55 Asia/Ho_Chi_Minh] PHP Warning:  Trying to access array offset on value of type null in D:\Dự án 1\PKTT_duan1_source\PKTT_duan1_source\App\Views\Client\Pages\Cart\Index.php on line 68
[21-Nov-2024 17:18:55 Asia/Ho_Chi_Minh] PHP Warning:  Trying to access array offset on value of type null in D:\Dự án 1\PKTT_duan1_source\PKTT_duan1_source\App\Views\Client\Pages\Cart\Index.php on line 79
[21-Nov-2024 17:19:52 Asia/Ho_Chi_Minh] PHP Warning:  Undefined array key 1 in D:\Dự án 1\PKTT_duan1_source\PKTT_duan1_source\App\Route.php on line 62
[21-Nov-2024 17:19:52 Asia/Ho_Chi_Minh] PHP Deprecated:  strrev(): Passing null to parameter #1 ($string) of type string is deprecated in D:\Dự án 1\PKTT_duan1_source\PKTT_duan1_source\App\Route.php on line 62
[21-Nov-2024 17:27:14 Asia/Ho_Chi_Minh] PHP Warning:  Trying to access array offset on value of type null in D:\Dự án 1\PKTT_duan1_source\PKTT_duan1_source\App\Views\Client\Pages\Cart\Index.php on line 68
[21-Nov-2024 17:27:14 Asia/Ho_Chi_Minh] PHP Warning:  Trying to access array offset on value of type null in D:\Dự án 1\PKTT_duan1_source\PKTT_duan1_source\App\Views\Client\Pages\Cart\Index.php on line 79
[21-Nov-2024 17:42:19 Asia/Ho_Chi_Minh] PHP Warning:  Trying to access array offset on value of type null in D:\Dự án 1\PKTT_duan1_source\PKTT_duan1_source\App\Views\Client\Pages\Cart\Index.php on line 68
[21-Nov-2024 17:42:19 Asia/Ho_Chi_Minh] PHP Warning:  Trying to access array offset on value of type null in D:\Dự án 1\PKTT_duan1_source\PKTT_duan1_source\App\Views\Client\Pages\Cart\Index.php on line 79
[21-Nov-2024 17:42:22 Asia/Ho_Chi_Minh] PHP Warning:  Trying to access array offset on value of type null in D:\Dự án 1\PKTT_duan1_source\PKTT_duan1_source\App\Views\Client\Pages\Cart\Index.php on line 68
[21-Nov-2024 17:42:22 Asia/Ho_Chi_Minh] PHP Warning:  Trying to access array offset on value of type null in D:\Dự án 1\PKTT_duan1_source\PKTT_duan1_source\App\Views\Client\Pages\Cart\Index.php on line 79
[21-Nov-2024 17:42:32 Asia/Ho_Chi_Minh] PHP Warning:  Trying to access array offset on value of type null in D:\Dự án 1\PKTT_duan1_source\PKTT_duan1_source\App\Views\Client\Pages\Cart\Index.php on line 68
[21-Nov-2024 17:42:32 Asia/Ho_Chi_Minh] PHP Warning:  Trying to access array offset on value of type null in D:\Dự án 1\PKTT_duan1_source\PKTT_duan1_source\App\Views\Client\Pages\Cart\Index.php on line 79
[21-Nov-2024 17:42:41 Asia/Ho_Chi_Minh] PHP Warning:  Trying to access array offset on value of type null in D:\Dự án 1\PKTT_duan1_source\PKTT_duan1_source\App\Views\Client\Pages\Cart\Index.php on line 68
[21-Nov-2024 17:42:41 Asia/Ho_Chi_Minh] PHP Warning:  Trying to access array offset on value of type null in D:\Dự án 1\PKTT_duan1_source\PKTT_duan1_source\App\Views\Client\Pages\Cart\Index.php on line 79
[21-Nov-2024 17:42:43 Asia/Ho_Chi_Minh] PHP Warning:  Trying to access array offset on value of type null in D:\Dự án 1\PKTT_duan1_source\PKTT_duan1_source\App\Views\Client\Pages\Cart\Index.php on line 68
[21-Nov-2024 17:42:43 Asia/Ho_Chi_Minh] PHP Warning:  Trying to access array offset on value of type null in D:\Dự án 1\PKTT_duan1_source\PKTT_duan1_source\App\Views\Client\Pages\Cart\Index.php on line 79
[21-Nov-2024 17:46:07 Asia/Ho_Chi_Minh] PHP Warning:  Trying to access array offset on value of type null in D:\Dự án 1\PKTT_duan1_source\PKTT_duan1_source\App\Views\Client\Pages\Cart\Index.php on line 68
[21-Nov-2024 17:46:07 Asia/Ho_Chi_Minh] PHP Warning:  Trying to access array offset on value of type null in D:\Dự án 1\PKTT_duan1_source\PKTT_duan1_source\App\Views\Client\Pages\Cart\Index.php on line 79
[21-Nov-2024 17:46:50 Asia/Ho_Chi_Minh] PHP Warning:  Trying to access array offset on value of type null in D:\Dự án 1\PKTT_duan1_source\PKTT_duan1_source\App\Views\Client\Pages\Cart\Index.php on line 68
[21-Nov-2024 17:46:50 Asia/Ho_Chi_Minh] PHP Warning:  Trying to access array offset on value of type null in D:\Dự án 1\PKTT_duan1_source\PKTT_duan1_source\App\Views\Client\Pages\Cart\Index.php on line 79
[21-Nov-2024 17:49:51 Asia/Ho_Chi_Minh] PHP Warning:  Undefined array key 1 in D:\Dự án 1\PKTT_duan1_source\PKTT_duan1_source\App\Route.php on line 62
[21-Nov-2024 17:49:51 Asia/Ho_Chi_Minh] PHP Deprecated:  strrev(): Passing null to parameter #1 ($string) of type string is deprecated in D:\Dự án 1\PKTT_duan1_source\PKTT_duan1_source\App\Route.php on line 62
[21-Nov-2024 17:51:48 Asia/Ho_Chi_Minh] PHP Warning:  Undefined array key 1 in D:\Dự án 1\PKTT_duan1_source\PKTT_duan1_source\App\Route.php on line 62
[21-Nov-2024 17:51:48 Asia/Ho_Chi_Minh] PHP Deprecated:  strrev(): Passing null to parameter #1 ($string) of type string is deprecated in D:\Dự án 1\PKTT_duan1_source\PKTT_duan1_source\App\Route.php on line 62
[21-Nov-2024 18:04:38 Asia/Ho_Chi_Minh] PHP Warning:  Undefined array key 1 in D:\Dự án 1\PKTT_duan1_source\PKTT_duan1_source\App\Route.php on line 62
[21-Nov-2024 18:04:38 Asia/Ho_Chi_Minh] PHP Deprecated:  strrev(): Passing null to parameter #1 ($string) of type string is deprecated in D:\Dự án 1\PKTT_duan1_source\PKTT_duan1_source\App\Route.php on line 62
[21-Nov-2024 18:04:47 Asia/Ho_Chi_Minh] PHP Fatal error:  Uncaught Error: Call to undefined method App\Controllers\Client\SearchController::index() in D:\Dự án 1\PKTT_duan1_source\PKTT_duan1_source\App\Route.php:82
Stack trace:
#0 D:\Dự án 1\PKTT_duan1_source\PKTT_duan1_source\index.php(168): App\Route::dispatch()
#1 {main}
  thrown in D:\Dự án 1\PKTT_duan1_source\PKTT_duan1_source\App\Route.php on line 82
[21-Nov-2024 18:05:03 Asia/Ho_Chi_Minh] PHP Fatal error:  Uncaught Error: Call to undefined method App\Controllers\Client\SearchController::index() in D:\Dự án 1\PKTT_duan1_source\PKTT_duan1_source\App\Route.php:82
Stack trace:
#0 D:\Dự án 1\PKTT_duan1_source\PKTT_duan1_source\index.php(168): App\Route::dispatch()
#1 {main}
  thrown in D:\Dự án 1\PKTT_duan1_source\PKTT_duan1_source\App\Route.php on line 82
[21-Nov-2024 18:05:04 Asia/Ho_Chi_Minh] PHP Fatal error:  Uncaught Error: Call to undefined method App\Controllers\Client\SearchController::index() in D:\Dự án 1\PKTT_duan1_source\PKTT_duan1_source\App\Route.php:82
Stack trace:
#0 D:\Dự án 1\PKTT_duan1_source\PKTT_duan1_source\index.php(168): App\Route::dispatch()
#1 {main}
  thrown in D:\Dự án 1\PKTT_duan1_source\PKTT_duan1_source\App\Route.php on line 82
[21-Nov-2024 18:05:04 Asia/Ho_Chi_Minh] PHP Fatal error:  Uncaught Error: Call to undefined method App\Controllers\Client\SearchController::index() in D:\Dự án 1\PKTT_duan1_source\PKTT_duan1_source\App\Route.php:82
Stack trace:
#0 D:\Dự án 1\PKTT_duan1_source\PKTT_duan1_source\index.php(168): App\Route::dispatch()
#1 {main}
  thrown in D:\Dự án 1\PKTT_duan1_source\PKTT_duan1_source\App\Route.php on line 82
[21-Nov-2024 18:05:04 Asia/Ho_Chi_Minh] PHP Fatal error:  Uncaught Error: Call to undefined method App\Controllers\Client\SearchController::index() in D:\Dự án 1\PKTT_duan1_source\PKTT_duan1_source\App\Route.php:82
Stack trace:
#0 D:\Dự án 1\PKTT_duan1_source\PKTT_duan1_source\index.php(168): App\Route::dispatch()
#1 {main}
  thrown in D:\Dự án 1\PKTT_duan1_source\PKTT_duan1_source\App\Route.php on line 82
[21-Nov-2024 18:05:04 Asia/Ho_Chi_Minh] PHP Fatal error:  Uncaught Error: Call to undefined method App\Controllers\Client\SearchController::index() in D:\Dự án 1\PKTT_duan1_source\PKTT_duan1_source\App\Route.php:82
Stack trace:
#0 D:\Dự án 1\PKTT_duan1_source\PKTT_duan1_source\index.php(168): App\Route::dispatch()
#1 {main}
  thrown in D:\Dự án 1\PKTT_duan1_source\PKTT_duan1_source\App\Route.php on line 82
[21-Nov-2024 18:05:05 Asia/Ho_Chi_Minh] PHP Fatal error:  Uncaught Error: Call to undefined method App\Controllers\Client\SearchController::index() in D:\Dự án 1\PKTT_duan1_source\PKTT_duan1_source\App\Route.php:82
Stack trace:
#0 D:\Dự án 1\PKTT_duan1_source\PKTT_duan1_source\index.php(168): App\Route::dispatch()
#1 {main}
  thrown in D:\Dự án 1\PKTT_duan1_source\PKTT_duan1_source\App\Route.php on line 82
[21-Nov-2024 18:05:05 Asia/Ho_Chi_Minh] PHP Fatal error:  Uncaught Error: Call to undefined method App\Controllers\Client\SearchController::index() in D:\Dự án 1\PKTT_duan1_source\PKTT_duan1_source\App\Route.php:82
Stack trace:
#0 D:\Dự án 1\PKTT_duan1_source\PKTT_duan1_source\index.php(168): App\Route::dispatch()
#1 {main}
  thrown in D:\Dự án 1\PKTT_duan1_source\PKTT_duan1_source\App\Route.php on line 82
[21-Nov-2024 18:05:05 Asia/Ho_Chi_Minh] PHP Fatal error:  Uncaught Error: Call to undefined method App\Controllers\Client\SearchController::index() in D:\Dự án 1\PKTT_duan1_source\PKTT_duan1_source\App\Route.php:82
Stack trace:
#0 D:\Dự án 1\PKTT_duan1_source\PKTT_duan1_source\index.php(168): App\Route::dispatch()
#1 {main}
  thrown in D:\Dự án 1\PKTT_duan1_source\PKTT_duan1_source\App\Route.php on line 82
[21-Nov-2024 18:05:05 Asia/Ho_Chi_Minh] PHP Fatal error:  Uncaught Error: Call to undefined method App\Controllers\Client\SearchController::index() in D:\Dự án 1\PKTT_duan1_source\PKTT_duan1_source\App\Route.php:82
Stack trace:
#0 D:\Dự án 1\PKTT_duan1_source\PKTT_duan1_source\index.php(168): App\Route::dispatch()
#1 {main}
  thrown in D:\Dự án 1\PKTT_duan1_source\PKTT_duan1_source\App\Route.php on line 82
[21-Nov-2024 18:05:05 Asia/Ho_Chi_Minh] PHP Fatal error:  Uncaught Error: Call to undefined method App\Controllers\Client\SearchController::index() in D:\Dự án 1\PKTT_duan1_source\PKTT_duan1_source\App\Route.php:82
Stack trace:
#0 D:\Dự án 1\PKTT_duan1_source\PKTT_duan1_source\index.php(168): App\Route::dispatch()
#1 {main}
  thrown in D:\Dự án 1\PKTT_duan1_source\PKTT_duan1_source\App\Route.php on line 82
[21-Nov-2024 18:05:06 Asia/Ho_Chi_Minh] PHP Fatal error:  Uncaught Error: Call to undefined method App\Controllers\Client\SearchController::index() in D:\Dự án 1\PKTT_duan1_source\PKTT_duan1_source\App\Route.php:82
Stack trace:
#0 D:\Dự án 1\PKTT_duan1_source\PKTT_duan1_source\index.php(168): App\Route::dispatch()
#1 {main}
  thrown in D:\Dự án 1\PKTT_duan1_source\PKTT_duan1_source\App\Route.php on line 82
[21-Nov-2024 18:05:06 Asia/Ho_Chi_Minh] PHP Fatal error:  Uncaught Error: Call to undefined method App\Controllers\Client\SearchController::index() in D:\Dự án 1\PKTT_duan1_source\PKTT_duan1_source\App\Route.php:82
Stack trace:
#0 D:\Dự án 1\PKTT_duan1_source\PKTT_duan1_source\index.php(168): App\Route::dispatch()
#1 {main}
  thrown in D:\Dự án 1\PKTT_duan1_source\PKTT_duan1_source\App\Route.php on line 82
[21-Nov-2024 18:05:06 Asia/Ho_Chi_Minh] PHP Fatal error:  Uncaught Error: Call to undefined method App\Controllers\Client\SearchController::index() in D:\Dự án 1\PKTT_duan1_source\PKTT_duan1_source\App\Route.php:82
Stack trace:
#0 D:\Dự án 1\PKTT_duan1_source\PKTT_duan1_source\index.php(168): App\Route::dispatch()
#1 {main}
  thrown in D:\Dự án 1\PKTT_duan1_source\PKTT_duan1_source\App\Route.php on line 82
[21-Nov-2024 18:05:06 Asia/Ho_Chi_Minh] PHP Fatal error:  Uncaught Error: Call to undefined method App\Controllers\Client\SearchController::index() in D:\Dự án 1\PKTT_duan1_source\PKTT_duan1_source\App\Route.php:82
Stack trace:
#0 D:\Dự án 1\PKTT_duan1_source\PKTT_duan1_source\index.php(168): App\Route::dispatch()
#1 {main}
  thrown in D:\Dự án 1\PKTT_duan1_source\PKTT_duan1_source\App\Route.php on line 82
[21-Nov-2024 18:05:06 Asia/Ho_Chi_Minh] PHP Fatal error:  Uncaught Error: Call to undefined method App\Controllers\Client\SearchController::index() in D:\Dự án 1\PKTT_duan1_source\PKTT_duan1_source\App\Route.php:82
Stack trace:
#0 D:\Dự án 1\PKTT_duan1_source\PKTT_duan1_source\index.php(168): App\Route::dispatch()
#1 {main}
  thrown in D:\Dự án 1\PKTT_duan1_source\PKTT_duan1_source\App\Route.php on line 82
[21-Nov-2024 18:05:27 Asia/Ho_Chi_Minh] PHP Fatal error:  Uncaught Error: Call to undefined method App\Controllers\Client\SearchController::index() in D:\Dự án 1\PKTT_duan1_source\PKTT_duan1_source\App\Route.php:82
Stack trace:
#0 D:\Dự án 1\PKTT_duan1_source\PKTT_duan1_source\index.php(168): App\Route::dispatch()
#1 {main}
  thrown in D:\Dự án 1\PKTT_duan1_source\PKTT_duan1_source\App\Route.php on line 82
[21-Nov-2024 18:05:27 Asia/Ho_Chi_Minh] PHP Fatal error:  Uncaught Error: Call to undefined method App\Controllers\Client\SearchController::index() in D:\Dự án 1\PKTT_duan1_source\PKTT_duan1_source\App\Route.php:82
Stack trace:
#0 D:\Dự án 1\PKTT_duan1_source\PKTT_duan1_source\index.php(168): App\Route::dispatch()
#1 {main}
  thrown in D:\Dự án 1\PKTT_duan1_source\PKTT_duan1_source\App\Route.php on line 82
[21-Nov-2024 18:05:27 Asia/Ho_Chi_Minh] PHP Fatal error:  Uncaught Error: Call to undefined method App\Controllers\Client\SearchController::index() in D:\Dự án 1\PKTT_duan1_source\PKTT_duan1_source\App\Route.php:82
Stack trace:
#0 D:\Dự án 1\PKTT_duan1_source\PKTT_duan1_source\index.php(168): App\Route::dispatch()
#1 {main}
  thrown in D:\Dự án 1\PKTT_duan1_source\PKTT_duan1_source\App\Route.php on line 82
[21-Nov-2024 18:05:28 Asia/Ho_Chi_Minh] PHP Fatal error:  Uncaught Error: Call to undefined method App\Controllers\Client\SearchController::index() in D:\Dự án 1\PKTT_duan1_source\PKTT_duan1_source\App\Route.php:82
Stack trace:
#0 D:\Dự án 1\PKTT_duan1_source\PKTT_duan1_source\index.php(168): App\Route::dispatch()
#1 {main}
  thrown in D:\Dự án 1\PKTT_duan1_source\PKTT_duan1_source\App\Route.php on line 82
[21-Nov-2024 18:05:28 Asia/Ho_Chi_Minh] PHP Fatal error:  Uncaught Error: Call to undefined method App\Controllers\Client\SearchController::index() in D:\Dự án 1\PKTT_duan1_source\PKTT_duan1_source\App\Route.php:82
Stack trace:
#0 D:\Dự án 1\PKTT_duan1_source\PKTT_duan1_source\index.php(168): App\Route::dispatch()
#1 {main}
  thrown in D:\Dự án 1\PKTT_duan1_source\PKTT_duan1_source\App\Route.php on line 82
[21-Nov-2024 18:05:28 Asia/Ho_Chi_Minh] PHP Fatal error:  Uncaught Error: Call to undefined method App\Controllers\Client\SearchController::index() in D:\Dự án 1\PKTT_duan1_source\PKTT_duan1_source\App\Route.php:82
Stack trace:
#0 D:\Dự án 1\PKTT_duan1_source\PKTT_duan1_source\index.php(168): App\Route::dispatch()
#1 {main}
  thrown in D:\Dự án 1\PKTT_duan1_source\PKTT_duan1_source\App\Route.php on line 82
[21-Nov-2024 18:05:31 Asia/Ho_Chi_Minh] PHP Fatal error:  Uncaught Error: Call to undefined method App\Controllers\Client\SearchController::index() in D:\Dự án 1\PKTT_duan1_source\PKTT_duan1_source\App\Route.php:82
Stack trace:
#0 D:\Dự án 1\PKTT_duan1_source\PKTT_duan1_source\index.php(168): App\Route::dispatch()
#1 {main}
  thrown in D:\Dự án 1\PKTT_duan1_source\PKTT_duan1_source\App\Route.php on line 82
[21-Nov-2024 18:05:31 Asia/Ho_Chi_Minh] PHP Fatal error:  Uncaught Error: Call to undefined method App\Controllers\Client\SearchController::index() in D:\Dự án 1\PKTT_duan1_source\PKTT_duan1_source\App\Route.php:82
Stack trace:
#0 D:\Dự án 1\PKTT_duan1_source\PKTT_duan1_source\index.php(168): App\Route::dispatch()
#1 {main}
  thrown in D:\Dự án 1\PKTT_duan1_source\PKTT_duan1_source\App\Route.php on line 82
[21-Nov-2024 18:05:32 Asia/Ho_Chi_Minh] PHP Fatal error:  Uncaught Error: Call to undefined method App\Controllers\Client\SearchController::index() in D:\Dự án 1\PKTT_duan1_source\PKTT_duan1_source\App\Route.php:82
Stack trace:
#0 D:\Dự án 1\PKTT_duan1_source\PKTT_duan1_source\index.php(168): App\Route::dispatch()
#1 {main}
  thrown in D:\Dự án 1\PKTT_duan1_source\PKTT_duan1_source\App\Route.php on line 82
[21-Nov-2024 18:05:32 Asia/Ho_Chi_Minh] PHP Fatal error:  Uncaught Error: Call to undefined method App\Controllers\Client\SearchController::index() in D:\Dự án 1\PKTT_duan1_source\PKTT_duan1_source\App\Route.php:82
Stack trace:
#0 D:\Dự án 1\PKTT_duan1_source\PKTT_duan1_source\index.php(168): App\Route::dispatch()
#1 {main}
  thrown in D:\Dự án 1\PKTT_duan1_source\PKTT_duan1_source\App\Route.php on line 82
[21-Nov-2024 18:05:32 Asia/Ho_Chi_Minh] PHP Fatal error:  Uncaught Error: Call to undefined method App\Controllers\Client\SearchController::index() in D:\Dự án 1\PKTT_duan1_source\PKTT_duan1_source\App\Route.php:82
Stack trace:
#0 D:\Dự án 1\PKTT_duan1_source\PKTT_duan1_source\index.php(168): App\Route::dispatch()
#1 {main}
  thrown in D:\Dự án 1\PKTT_duan1_source\PKTT_duan1_source\App\Route.php on line 82
[21-Nov-2024 18:05:32 Asia/Ho_Chi_Minh] PHP Fatal error:  Uncaught Error: Call to undefined method App\Controllers\Client\SearchController::index() in D:\Dự án 1\PKTT_duan1_source\PKTT_duan1_source\App\Route.php:82
Stack trace:
#0 D:\Dự án 1\PKTT_duan1_source\PKTT_duan1_source\index.php(168): App\Route::dispatch()
#1 {main}
  thrown in D:\Dự án 1\PKTT_duan1_source\PKTT_duan1_source\App\Route.php on line 82
[21-Nov-2024 18:05:32 Asia/Ho_Chi_Minh] PHP Fatal error:  Uncaught Error: Call to undefined method App\Controllers\Client\SearchController::index() in D:\Dự án 1\PKTT_duan1_source\PKTT_duan1_source\App\Route.php:82
Stack trace:
#0 D:\Dự án 1\PKTT_duan1_source\PKTT_duan1_source\index.php(168): App\Route::dispatch()
#1 {main}
  thrown in D:\Dự án 1\PKTT_duan1_source\PKTT_duan1_source\App\Route.php on line 82
[21-Nov-2024 18:05:32 Asia/Ho_Chi_Minh] PHP Fatal error:  Uncaught Error: Call to undefined method App\Controllers\Client\SearchController::index() in D:\Dự án 1\PKTT_duan1_source\PKTT_duan1_source\App\Route.php:82
Stack trace:
#0 D:\Dự án 1\PKTT_duan1_source\PKTT_duan1_source\index.php(168): App\Route::dispatch()
#1 {main}
  thrown in D:\Dự án 1\PKTT_duan1_source\PKTT_duan1_source\App\Route.php on line 82
[21-Nov-2024 18:05:33 Asia/Ho_Chi_Minh] PHP Fatal error:  Uncaught Error: Call to undefined method App\Controllers\Client\SearchController::index() in D:\Dự án 1\PKTT_duan1_source\PKTT_duan1_source\App\Route.php:82
Stack trace:
#0 D:\Dự án 1\PKTT_duan1_source\PKTT_duan1_source\index.php(168): App\Route::dispatch()
#1 {main}
  thrown in D:\Dự án 1\PKTT_duan1_source\PKTT_duan1_source\App\Route.php on line 82
[21-Nov-2024 18:05:36 Asia/Ho_Chi_Minh] PHP Fatal error:  Uncaught Error: Call to undefined method App\Controllers\Client\SearchController::index() in D:\Dự án 1\PKTT_duan1_source\PKTT_duan1_source\App\Route.php:82
Stack trace:
#0 D:\Dự án 1\PKTT_duan1_source\PKTT_duan1_source\index.php(168): App\Route::dispatch()
#1 {main}
  thrown in D:\Dự án 1\PKTT_duan1_source\PKTT_duan1_source\App\Route.php on line 82
[21-Nov-2024 18:05:45 Asia/Ho_Chi_Minh] PHP Fatal error:  Uncaught Error: Call to undefined method App\Controllers\Client\SearchController::index() in D:\Dự án 1\PKTT_duan1_source\PKTT_duan1_source\App\Route.php:82
Stack trace:
#0 D:\Dự án 1\PKTT_duan1_source\PKTT_duan1_source\index.php(168): App\Route::dispatch()
#1 {main}
  thrown in D:\Dự án 1\PKTT_duan1_source\PKTT_duan1_source\App\Route.php on line 82
[21-Nov-2024 18:05:51 Asia/Ho_Chi_Minh] PHP Fatal error:  Uncaught Error: Call to undefined method App\Controllers\Client\SearchController::index() in D:\Dự án 1\PKTT_duan1_source\PKTT_duan1_source\App\Route.php:82
Stack trace:
#0 D:\Dự án 1\PKTT_duan1_source\PKTT_duan1_source\index.php(168): App\Route::dispatch()
#1 {main}
  thrown in D:\Dự án 1\PKTT_duan1_source\PKTT_duan1_source\App\Route.php on line 82
[21-Nov-2024 18:07:08 Asia/Ho_Chi_Minh] PHP Fatal error:  Uncaught Error: Access to undeclared static property App\Controllers\Client\SearchController::$data in D:\Dự án 1\PKTT_duan1_source\PKTT_duan1_source\App\Controllers\Client\SearchController.php:26
Stack trace:
#0 D:\Dự án 1\PKTT_duan1_source\PKTT_duan1_source\App\Route.php(82): App\Controllers\Client\SearchController::search()
#1 D:\Dự án 1\PKTT_duan1_source\PKTT_duan1_source\index.php(168): App\Route::dispatch()
#2 {main}
  thrown in D:\Dự án 1\PKTT_duan1_source\PKTT_duan1_source\App\Controllers\Client\SearchController.php on line 26
[21-Nov-2024 18:07:08 Asia/Ho_Chi_Minh] PHP Fatal error:  Uncaught Error: Access to undeclared static property App\Controllers\Client\SearchController::$data in D:\Dự án 1\PKTT_duan1_source\PKTT_duan1_source\App\Controllers\Client\SearchController.php:26
Stack trace:
#0 D:\Dự án 1\PKTT_duan1_source\PKTT_duan1_source\App\Route.php(82): App\Controllers\Client\SearchController::search()
#1 D:\Dự án 1\PKTT_duan1_source\PKTT_duan1_source\index.php(168): App\Route::dispatch()
#2 {main}
  thrown in D:\Dự án 1\PKTT_duan1_source\PKTT_duan1_source\App\Controllers\Client\SearchController.php on line 26
[21-Nov-2024 18:07:08 Asia/Ho_Chi_Minh] PHP Fatal error:  Uncaught Error: Access to undeclared static property App\Controllers\Client\SearchController::$data in D:\Dự án 1\PKTT_duan1_source\PKTT_duan1_source\App\Controllers\Client\SearchController.php:26
Stack trace:
#0 D:\Dự án 1\PKTT_duan1_source\PKTT_duan1_source\App\Route.php(82): App\Controllers\Client\SearchController::search()
#1 D:\Dự án 1\PKTT_duan1_source\PKTT_duan1_source\index.php(168): App\Route::dispatch()
#2 {main}
  thrown in D:\Dự án 1\PKTT_duan1_source\PKTT_duan1_source\App\Controllers\Client\SearchController.php on line 26
[21-Nov-2024 18:07:08 Asia/Ho_Chi_Minh] PHP Fatal error:  Uncaught Error: Access to undeclared static property App\Controllers\Client\SearchController::$data in D:\Dự án 1\PKTT_duan1_source\PKTT_duan1_source\App\Controllers\Client\SearchController.php:26
Stack trace:
#0 D:\Dự án 1\PKTT_duan1_source\PKTT_duan1_source\App\Route.php(82): App\Controllers\Client\SearchController::search()
#1 D:\Dự án 1\PKTT_duan1_source\PKTT_duan1_source\index.php(168): App\Route::dispatch()
#2 {main}
  thrown in D:\Dự án 1\PKTT_duan1_source\PKTT_duan1_source\App\Controllers\Client\SearchController.php on line 26
[21-Nov-2024 18:07:09 Asia/Ho_Chi_Minh] PHP Fatal error:  Uncaught Error: Access to undeclared static property App\Controllers\Client\SearchController::$data in D:\Dự án 1\PKTT_duan1_source\PKTT_duan1_source\App\Controllers\Client\SearchController.php:26
Stack trace:
#0 D:\Dự án 1\PKTT_duan1_source\PKTT_duan1_source\App\Route.php(82): App\Controllers\Client\SearchController::search()
#1 D:\Dự án 1\PKTT_duan1_source\PKTT_duan1_source\index.php(168): App\Route::dispatch()
#2 {main}
  thrown in D:\Dự án 1\PKTT_duan1_source\PKTT_duan1_source\App\Controllers\Client\SearchController.php on line 26
[21-Nov-2024 18:07:24 Asia/Ho_Chi_Minh] PHP Parse error:  syntax error, unexpected token "::" in D:\Dự án 1\PKTT_duan1_source\PKTT_duan1_source\App\Controllers\Client\SearchController.php on line 26
[22-Nov-2024 15:48:20 Asia/Ho_Chi_Minh] PHP Fatal error:  Uncaught mysqli_sql_exception: No connection could be made because the target machine actively refused it in D:\Dự án 1\PKTT_duan1_source\PKTT_duan1_source\App\Models\Database.php:53
Stack trace:
#0 D:\Dự án 1\PKTT_duan1_source\PKTT_duan1_source\App\Models\Database.php(53): mysqli->__construct()
#1 D:\Dự án 1\PKTT_duan1_source\PKTT_duan1_source\App\Models\BaseModel.php(132): App\Models\Database->MySQLi()
#2 D:\Dự án 1\PKTT_duan1_source\PKTT_duan1_source\App\Models\Category.php(34): App\Models\BaseModel->getAllByStatus()
#3 D:\Dự án 1\PKTT_duan1_source\PKTT_duan1_source\App\Controllers\Client\HomeController.php(20): App\Models\Category->getAllCategoryByStatus()
#4 D:\Dự án 1\PKTT_duan1_source\PKTT_duan1_source\App\Route.php(82): App\Controllers\Client\HomeController::index()
#5 D:\Dự án 1\PKTT_duan1_source\PKTT_duan1_source\index.php(168): App\Route::dispatch()
#6 {main}
  thrown in D:\Dự án 1\PKTT_duan1_source\PKTT_duan1_source\App\Models\Database.php on line 53
[22-Nov-2024 15:49:05 Asia/Ho_Chi_Minh] PHP Warning:  Undefined array key "categories" in D:\Dự án 1\PKTT_duan1_source\PKTT_duan1_source\App\Views\Client\Pages\Product\Index.php on line 26
[22-Nov-2024 15:49:05 Asia/Ho_Chi_Minh] PHP Warning:  foreach() argument must be of type array|object, null given in D:\Dự án 1\PKTT_duan1_source\PKTT_duan1_source\App\Views\Client\Components\Category.php on line 16
[22-Nov-2024 15:49:05 Asia/Ho_Chi_Minh] PHP Warning:  Undefined array key "categories" in D:\Dự án 1\PKTT_duan1_source\PKTT_duan1_source\App\Views\Client\Pages\Product\Index.php on line 101
[22-Nov-2024 15:49:05 Asia/Ho_Chi_Minh] PHP Warning:  foreach() argument must be of type array|object, null given in D:\Dự án 1\PKTT_duan1_source\PKTT_duan1_source\App\Views\Client\Components\Category.php on line 16
[22-Nov-2024 15:49:05 Asia/Ho_Chi_Minh] PHP Warning:  Undefined array key "getAllNew" in D:\Dự án 1\PKTT_duan1_source\PKTT_duan1_source\App\Views\Client\Pages\Product\Index.php on line 195
[22-Nov-2024 15:49:05 Asia/Ho_Chi_Minh] PHP Warning:  foreach() argument must be of type array|object, null given in D:\Dự án 1\PKTT_duan1_source\PKTT_duan1_source\App\Views\Client\Pages\Product\Index.php on line 195
[22-Nov-2024 15:49:05 Asia/Ho_Chi_Minh] PHP Warning:  Undefined array key "getAllNew" in D:\Dự án 1\PKTT_duan1_source\PKTT_duan1_source\App\Views\Client\Pages\Product\Index.php on line 215
[22-Nov-2024 15:49:05 Asia/Ho_Chi_Minh] PHP Warning:  foreach() argument must be of type array|object, null given in D:\Dự án 1\PKTT_duan1_source\PKTT_duan1_source\App\Views\Client\Pages\Product\Index.php on line 215
[22-Nov-2024 15:49:05 Asia/Ho_Chi_Minh] PHP Warning:  Undefined array key "getAllSale" in D:\Dự án 1\PKTT_duan1_source\PKTT_duan1_source\App\Views\Client\Pages\Product\Index.php on line 247
[22-Nov-2024 15:49:05 Asia/Ho_Chi_Minh] PHP Warning:  foreach() argument must be of type array|object, null given in D:\Dự án 1\PKTT_duan1_source\PKTT_duan1_source\App\Views\Client\Pages\Product\Index.php on line 247
[22-Nov-2024 15:52:10 Asia/Ho_Chi_Minh] PHP Warning:  Undefined array key "categories" in D:\Dự án 1\PKTT_duan1_source\PKTT_duan1_source\App\Views\Client\Pages\Product\Index.php on line 26
[22-Nov-2024 15:52:10 Asia/Ho_Chi_Minh] PHP Warning:  foreach() argument must be of type array|object, null given in D:\Dự án 1\PKTT_duan1_source\PKTT_duan1_source\App\Views\Client\Components\Category.php on line 16
[22-Nov-2024 15:52:10 Asia/Ho_Chi_Minh] PHP Warning:  Undefined array key "categories" in D:\Dự án 1\PKTT_duan1_source\PKTT_duan1_source\App\Views\Client\Pages\Product\Index.php on line 101
[22-Nov-2024 15:52:10 Asia/Ho_Chi_Minh] PHP Warning:  foreach() argument must be of type array|object, null given in D:\Dự án 1\PKTT_duan1_source\PKTT_duan1_source\App\Views\Client\Components\Category.php on line 16
[22-Nov-2024 15:58:31 Asia/Ho_Chi_Minh] PHP Warning:  Undefined array key "search" in D:\Dự án 1\PKTT_duan1_source\PKTT_duan1_source\App\Controllers\Client\HomeController.php on line 26
[22-Nov-2024 16:00:06 Asia/Ho_Chi_Minh] PHP Warning:  Undefined array key "search" in D:\Dự án 1\PKTT_duan1_source\PKTT_duan1_source\App\Controllers\Client\HomeController.php on line 26
[22-Nov-2024 16:00:26 Asia/Ho_Chi_Minh] PHP Warning:  Undefined array key "search" in D:\Dự án 1\PKTT_duan1_source\PKTT_duan1_source\App\Controllers\Client\HomeController.php on line 25
[22-Nov-2024 16:02:17 Asia/Ho_Chi_Minh] PHP Warning:  Undefined array key "search" in D:\Dự án 1\PKTT_duan1_source\PKTT_duan1_source\App\Controllers\Client\HomeController.php on line 27
[22-Nov-2024 16:02:42 Asia/Ho_Chi_Minh] PHP Warning:  Undefined array key "search" in D:\Dự án 1\PKTT_duan1_source\PKTT_duan1_source\App\Controllers\Client\HomeController.php on line 27
[22-Nov-2024 16:02:57 Asia/Ho_Chi_Minh] PHP Warning:  Undefined array key "search" in D:\Dự án 1\PKTT_duan1_source\PKTT_duan1_source\App\Controllers\Client\HomeController.php on line 27
[22-Nov-2024 16:03:48 Asia/Ho_Chi_Minh] PHP Warning:  Undefined array key "search" in D:\Dự án 1\PKTT_duan1_source\PKTT_duan1_source\App\Controllers\Client\HomeController.php on line 27
[22-Nov-2024 16:23:11 Asia/Ho_Chi_Minh] PHP Warning:  Undefined array key "countTotal" in D:\Dự án 1\PKTT_duan1_source\PKTT_duan1_source\App\Views\Client\Pages\Product\Index.php on line 295
[22-Nov-2024 16:23:34 Asia/Ho_Chi_Minh] PHP Warning:  Undefined array key "product" in D:\Dự án 1\PKTT_duan1_source\PKTT_duan1_source\App\Views\Client\Pages\Product\Index.php on line 295
[22-Nov-2024 16:23:34 Asia/Ho_Chi_Minh] PHP Warning:  Trying to access array offset on value of type null in D:\Dự án 1\PKTT_duan1_source\PKTT_duan1_source\App\Views\Client\Pages\Product\Index.php on line 295
[22-Nov-2024 16:23:54 Asia/Ho_Chi_Minh] PHP Warning:  Array to string conversion in D:\Dự án 1\PKTT_duan1_source\PKTT_duan1_source\App\Views\Client\Pages\Product\Index.php on line 295
[22-Nov-2024 16:25:31 Asia/Ho_Chi_Minh] PHP Warning:  Undefined array key "countTotal" in D:\Dự án 1\PKTT_duan1_source\PKTT_duan1_source\App\Views\Client\Pages\Product\Index.php on line 295
[22-Nov-2024 16:25:31 Asia/Ho_Chi_Minh] PHP Fatal error:  Uncaught TypeError: Cannot access offset of type string on string in D:\Dự án 1\PKTT_duan1_source\PKTT_duan1_source\App\Views\Client\Pages\Product\Index.php:313
Stack trace:
#0 D:\Dự án 1\PKTT_duan1_source\PKTT_duan1_source\App\Controllers\Client\ProductController.php(45): App\Views\Client\Pages\Product\Index::render()
#1 D:\Dự án 1\PKTT_duan1_source\PKTT_duan1_source\App\Route.php(82): App\Controllers\Client\ProductController::index()
#2 D:\Dự án 1\PKTT_duan1_source\PKTT_duan1_source\index.php(168): App\Route::dispatch()
#3 {main}
  thrown in D:\Dự án 1\PKTT_duan1_source\PKTT_duan1_source\App\Views\Client\Pages\Product\Index.php on line 313
[22-Nov-2024 16:27:53 Asia/Ho_Chi_Minh] PHP Warning:  Array to string conversion in D:\Dự án 1\PKTT_duan1_source\PKTT_duan1_source\App\Views\Client\Pages\Product\Index.php on line 295
[22-Nov-2024 16:28:07 Asia/Ho_Chi_Minh] PHP Warning:  Array to string conversion in D:\Dự án 1\PKTT_duan1_source\PKTT_duan1_source\App\Views\Client\Pages\Product\Index.php on line 295
[22-Nov-2024 16:32:01 Asia/Ho_Chi_Minh] PHP Warning:  Undefined array key "countTotal" in D:\Dự án 1\PKTT_duan1_source\PKTT_duan1_source\App\Views\Client\Pages\Product\Index.php on line 295
[22-Nov-2024 16:32:46 Asia/Ho_Chi_Minh] PHP Warning:  Undefined array key "countTotal" in D:\Dự án 1\PKTT_duan1_source\PKTT_duan1_source\App\Views\Client\Pages\Product\Index.php on line 295
[22-Nov-2024 16:32:48 Asia/Ho_Chi_Minh] PHP Warning:  Undefined array key "countTotal" in D:\Dự án 1\PKTT_duan1_source\PKTT_duan1_source\App\Views\Client\Pages\Product\Category.php on line 295
[22-Nov-2024 16:36:26 Asia/Ho_Chi_Minh] PHP Warning:  Trying to access array offset on value of type null in D:\Dự án 1\PKTT_duan1_source\PKTT_duan1_source\App\Views\Client\Pages\Cart\Index.php on line 68
[22-Nov-2024 16:36:26 Asia/Ho_Chi_Minh] PHP Warning:  Trying to access array offset on value of type null in D:\Dự án 1\PKTT_duan1_source\PKTT_duan1_source\App\Views\Client\Pages\Cart\Index.php on line 79
[22-Nov-2024 16:36:28 Asia/Ho_Chi_Minh] PHP Warning:  Trying to access array offset on value of type null in D:\Dự án 1\PKTT_duan1_source\PKTT_duan1_source\App\Views\Client\Pages\Cart\Index.php on line 68
[22-Nov-2024 16:36:28 Asia/Ho_Chi_Minh] PHP Warning:  Trying to access array offset on value of type null in D:\Dự án 1\PKTT_duan1_source\PKTT_duan1_source\App\Views\Client\Pages\Cart\Index.php on line 79
[22-Nov-2024 16:53:56 Asia/Ho_Chi_Minh] PHP Warning:  Trying to access array offset on value of type null in D:\Dự án 1\PKTT_duan1_source\PKTT_duan1_source\App\Views\Client\Pages\Auth\Login.php on line 24
[22-Nov-2024 16:53:56 Asia/Ho_Chi_Minh] PHP Warning:  foreach() argument must be of type array|object, null given in D:\Dự án 1\PKTT_duan1_source\PKTT_duan1_source\App\Views\Client\Components\Category.php on line 16
[22-Nov-2024 16:55:08 Asia/Ho_Chi_Minh] PHP Warning:  Trying to access array offset on value of type null in D:\Dự án 1\PKTT_duan1_source\PKTT_duan1_source\App\Views\Client\Pages\Auth\Login.php on line 24
[22-Nov-2024 16:55:08 Asia/Ho_Chi_Minh] PHP Warning:  foreach() argument must be of type array|object, null given in D:\Dự án 1\PKTT_duan1_source\PKTT_duan1_source\App\Views\Client\Components\Category.php on line 16
[22-Nov-2024 21:28:23 Asia/Ho_Chi_Minh] PHP Warning:  Undefined array key "product" in D:\Dự án 1\PKTT_duan1_source\PKTT_duan1_source\App\Views\Client\Pages\Product\Detail.php on line 219
[22-Nov-2024 21:28:23 Asia/Ho_Chi_Minh] PHP Warning:  Trying to access array offset on value of type null in D:\Dự án 1\PKTT_duan1_source\PKTT_duan1_source\App\Views\Client\Pages\Product\Detail.php on line 219
[22-Nov-2024 21:29:14 Asia/Ho_Chi_Minh] PHP Warning:  Undefined array key "image" in D:\Dự án 1\PKTT_duan1_source\PKTT_duan1_source\App\Views\Client\Pages\Product\Detail.php on line 219
[22-Nov-2024 21:33:54 Asia/Ho_Chi_Minh] PHP Warning:  Trying to access array offset on value of type null in D:\Dự án 1\PKTT_duan1_source\PKTT_duan1_source\App\Views\Client\Pages\Cart\Index.php on line 68
[22-Nov-2024 21:33:54 Asia/Ho_Chi_Minh] PHP Warning:  Trying to access array offset on value of type null in D:\Dự án 1\PKTT_duan1_source\PKTT_duan1_source\App\Views\Client\Pages\Cart\Index.php on line 79
[22-Nov-2024 21:33:57 Asia/Ho_Chi_Minh] PHP Warning:  Trying to access array offset on value of type null in D:\Dự án 1\PKTT_duan1_source\PKTT_duan1_source\App\Views\Client\Pages\Cart\Index.php on line 68
[22-Nov-2024 21:33:57 Asia/Ho_Chi_Minh] PHP Warning:  Trying to access array offset on value of type null in D:\Dự án 1\PKTT_duan1_source\PKTT_duan1_source\App\Views\Client\Pages\Cart\Index.php on line 79
[22-Nov-2024 21:34:05 Asia/Ho_Chi_Minh] PHP Warning:  Trying to access array offset on value of type null in D:\Dự án 1\PKTT_duan1_source\PKTT_duan1_source\App\Views\Client\Pages\Cart\Index.php on line 68
[22-Nov-2024 21:34:05 Asia/Ho_Chi_Minh] PHP Warning:  Trying to access array offset on value of type null in D:\Dự án 1\PKTT_duan1_source\PKTT_duan1_source\App\Views\Client\Pages\Cart\Index.php on line 79
[22-Nov-2024 22:28:21 Asia/Ho_Chi_Minh] PHP Warning:  Undefined array key "new_password" in D:\Dự án 1\PKTT_duan1_source\PKTT_duan1_source\App\Validations\AuthValidation.php on line 210
[22-Nov-2024 22:31:07 Asia/Ho_Chi_Minh] PHP Warning:  Undefined array key "categories" in D:\Dự án 1\PKTT_duan1_source\PKTT_duan1_source\App\Views\Client\Pages\Product\Detail.php on line 24
[22-Nov-2024 22:31:07 Asia/Ho_Chi_Minh] PHP Warning:  foreach() argument must be of type array|object, null given in D:\Dự án 1\PKTT_duan1_source\PKTT_duan1_source\App\Views\Client\Components\Category.php on line 16
[22-Nov-2024 22:32:04 Asia/Ho_Chi_Minh] PHP Warning:  Undefined array key "categories" in D:\Dự án 1\PKTT_duan1_source\PKTT_duan1_source\App\Views\Client\Pages\Product\Detail.php on line 24
[22-Nov-2024 22:32:04 Asia/Ho_Chi_Minh] PHP Warning:  foreach() argument must be of type array|object, null given in D:\Dự án 1\PKTT_duan1_source\PKTT_duan1_source\App\Views\Client\Components\Category.php on line 16
[22-Nov-2024 22:33:34 Asia/Ho_Chi_Minh] PHP Warning:  Undefined array key "categories" in D:\Dự án 1\PKTT_duan1_source\PKTT_duan1_source\App\Views\Client\Pages\Product\Detail.php on line 24
[22-Nov-2024 22:33:34 Asia/Ho_Chi_Minh] PHP Warning:  foreach() argument must be of type array|object, null given in D:\Dự án 1\PKTT_duan1_source\PKTT_duan1_source\App\Views\Client\Components\Category.php on line 16
[22-Nov-2024 22:36:09 Asia/Ho_Chi_Minh] PHP Warning:  Undefined array key "categories" in D:\Dự án 1\PKTT_duan1_source\PKTT_duan1_source\App\Views\Client\Pages\Product\Detail.php on line 24
[22-Nov-2024 22:36:09 Asia/Ho_Chi_Minh] PHP Warning:  foreach() argument must be of type array|object, null given in D:\Dự án 1\PKTT_duan1_source\PKTT_duan1_source\App\Views\Client\Components\Category.php on line 16
[22-Nov-2024 22:37:45 Asia/Ho_Chi_Minh] PHP Warning:  Undefined array key "categories" in D:\Dự án 1\PKTT_duan1_source\PKTT_duan1_source\App\Views\Client\Pages\Product\Detail.php on line 25
[22-Nov-2024 22:37:45 Asia/Ho_Chi_Minh] PHP Warning:  foreach() argument must be of type array|object, null given in D:\Dự án 1\PKTT_duan1_source\PKTT_duan1_source\App\Views\Client\Components\Category.php on line 16
[22-Nov-2024 22:39:09 Asia/Ho_Chi_Minh] PHP Warning:  Undefined array key "categories" in D:\Dự án 1\PKTT_duan1_source\PKTT_duan1_source\App\Views\Client\Pages\Product\Detail.php on line 25
[22-Nov-2024 22:39:09 Asia/Ho_Chi_Minh] PHP Warning:  foreach() argument must be of type array|object, null given in D:\Dự án 1\PKTT_duan1_source\PKTT_duan1_source\App\Views\Client\Components\Category.php on line 16
[22-Nov-2024 22:40:21 Asia/Ho_Chi_Minh] PHP Warning:  Undefined array key "categories" in D:\Dự án 1\PKTT_duan1_source\PKTT_duan1_source\App\Views\Client\Pages\Product\Detail.php on line 25
[22-Nov-2024 22:40:21 Asia/Ho_Chi_Minh] PHP Warning:  foreach() argument must be of type array|object, null given in D:\Dự án 1\PKTT_duan1_source\PKTT_duan1_source\App\Views\Client\Components\Category.php on line 16
[22-Nov-2024 22:40:53 Asia/Ho_Chi_Minh] PHP Fatal error:  Uncaught ArgumentCountError: Too few arguments to function App\Controllers\Client\ProductController::detail(), 1 passed in D:\Dự án 1\PKTT_duan1_source\PKTT_duan1_source\App\Route.php on line 104 and exactly 2 expected in D:\Dự án 1\PKTT_duan1_source\PKTT_duan1_source\App\Controllers\Client\ProductController.php:50
Stack trace:
#0 D:\Dự án 1\PKTT_duan1_source\PKTT_duan1_source\App\Route.php(104): App\Controllers\Client\ProductController::detail()
#1 D:\Dự án 1\PKTT_duan1_source\PKTT_duan1_source\index.php(168): App\Route::dispatch()
#2 {main}
  thrown in D:\Dự án 1\PKTT_duan1_source\PKTT_duan1_source\App\Controllers\Client\ProductController.php on line 50
[22-Nov-2024 22:41:06 Asia/Ho_Chi_Minh] PHP Fatal error:  Uncaught ArgumentCountError: Too few arguments to function App\Controllers\Client\ProductController::detail(), 1 passed in D:\Dự án 1\PKTT_duan1_source\PKTT_duan1_source\App\Route.php on line 104 and exactly 2 expected in D:\Dự án 1\PKTT_duan1_source\PKTT_duan1_source\App\Controllers\Client\ProductController.php:50
Stack trace:
#0 D:\Dự án 1\PKTT_duan1_source\PKTT_duan1_source\App\Route.php(104): App\Controllers\Client\ProductController::detail()
#1 D:\Dự án 1\PKTT_duan1_source\PKTT_duan1_source\index.php(168): App\Route::dispatch()
#2 {main}
  thrown in D:\Dự án 1\PKTT_duan1_source\PKTT_duan1_source\App\Controllers\Client\ProductController.php on line 50
[22-Nov-2024 22:41:16 Asia/Ho_Chi_Minh] PHP Warning:  Undefined array key "categories" in D:\Dự án 1\PKTT_duan1_source\PKTT_duan1_source\App\Views\Client\Pages\Product\Detail.php on line 25
[22-Nov-2024 22:41:16 Asia/Ho_Chi_Minh] PHP Warning:  foreach() argument must be of type array|object, null given in D:\Dự án 1\PKTT_duan1_source\PKTT_duan1_source\App\Views\Client\Components\Category.php on line 16
[23-Nov-2024 16:28:21 Asia/Ho_Chi_Minh] PHP Fatal error:  Uncaught mysqli_sql_exception: No connection could be made because the target machine actively refused it in D:\Dự án 1\PKTT_duan1_source\PKTT_duan1_source\App\Models\Database.php:53
Stack trace:
#0 D:\Dự án 1\PKTT_duan1_source\PKTT_duan1_source\App\Models\Database.php(53): mysqli->__construct()
#1 D:\Dự án 1\PKTT_duan1_source\PKTT_duan1_source\App\Models\BaseModel.php(132): App\Models\Database->MySQLi()
#2 D:\Dự án 1\PKTT_duan1_source\PKTT_duan1_source\App\Models\Category.php(34): App\Models\BaseModel->getAllByStatus()
#3 D:\Dự án 1\PKTT_duan1_source\PKTT_duan1_source\App\Controllers\Client\HomeController.php(19): App\Models\Category->getAllCategoryByStatus()
#4 D:\Dự án 1\PKTT_duan1_source\PKTT_duan1_source\App\Route.php(82): App\Controllers\Client\HomeController::index()
#5 D:\Dự án 1\PKTT_duan1_source\PKTT_duan1_source\index.php(168): App\Route::dispatch()
#6 {main}
  thrown in D:\Dự án 1\PKTT_duan1_source\PKTT_duan1_source\App\Models\Database.php on line 53
[23-Nov-2024 16:55:42 Asia/Ho_Chi_Minh] PHP Warning:  Trying to access array offset on value of type int in D:\Dự án 1\PKTT_duan1_source\PKTT_duan1_source\App\Views\Client\Pages\Product\Detail.php on line 140
[23-Nov-2024 16:55:42 Asia/Ho_Chi_Minh] PHP Fatal error:  Uncaught TypeError: Cannot access offset of type string on string in D:\Dự án 1\PKTT_duan1_source\PKTT_duan1_source\App\Views\Client\Pages\Product\Detail.php:140
Stack trace:
#0 D:\Dự án 1\PKTT_duan1_source\PKTT_duan1_source\App\Controllers\Client\ProductController.php(87): App\Views\Client\Pages\Product\Detail::render()
#1 D:\Dự án 1\PKTT_duan1_source\PKTT_duan1_source\App\Route.php(104): App\Controllers\Client\ProductController::detail()
#2 D:\Dự án 1\PKTT_duan1_source\PKTT_duan1_source\index.php(178): App\Route::dispatch()
#3 {main}
  thrown in D:\Dự án 1\PKTT_duan1_source\PKTT_duan1_source\App\Views\Client\Pages\Product\Detail.php on line 140
[23-Nov-2024 16:55:50 Asia/Ho_Chi_Minh] PHP Warning:  Trying to access array offset on value of type null in D:\Dự án 1\PKTT_duan1_source\PKTT_duan1_source\App\Views\Client\Pages\Cart\Index.php on line 68
[23-Nov-2024 16:55:50 Asia/Ho_Chi_Minh] PHP Warning:  Trying to access array offset on value of type null in D:\Dự án 1\PKTT_duan1_source\PKTT_duan1_source\App\Views\Client\Pages\Cart\Index.php on line 79
[23-Nov-2024 16:55:53 Asia/Ho_Chi_Minh] PHP Warning:  Trying to access array offset on value of type null in D:\Dự án 1\PKTT_duan1_source\PKTT_duan1_source\App\Views\Client\Pages\Cart\Index.php on line 68
[23-Nov-2024 16:55:53 Asia/Ho_Chi_Minh] PHP Warning:  Trying to access array offset on value of type null in D:\Dự án 1\PKTT_duan1_source\PKTT_duan1_source\App\Views\Client\Pages\Cart\Index.php on line 79
[23-Nov-2024 16:56:00 Asia/Ho_Chi_Minh] PHP Warning:  Trying to access array offset on value of type null in D:\Dự án 1\PKTT_duan1_source\PKTT_duan1_source\App\Views\Client\Pages\Cart\Index.php on line 68
[23-Nov-2024 16:56:00 Asia/Ho_Chi_Minh] PHP Warning:  Trying to access array offset on value of type null in D:\Dự án 1\PKTT_duan1_source\PKTT_duan1_source\App\Views\Client\Pages\Cart\Index.php on line 79
[23-Nov-2024 16:56:04 Asia/Ho_Chi_Minh] PHP Warning:  Trying to access array offset on value of type null in D:\Dự án 1\PKTT_duan1_source\PKTT_duan1_source\App\Views\Client\Pages\Cart\Index.php on line 68
[23-Nov-2024 16:56:04 Asia/Ho_Chi_Minh] PHP Warning:  Trying to access array offset on value of type null in D:\Dự án 1\PKTT_duan1_source\PKTT_duan1_source\App\Views\Client\Pages\Cart\Index.php on line 79
[26-Nov-2024 14:18:57 Asia/Ho_Chi_Minh] PHP Fatal error:  Uncaught mysqli_sql_exception: No connection could be made because the target machine actively refused it in D:\Dự án 1\PKTT_duan1_source\PKTT_duan1_source\App\Models\Database.php:53
Stack trace:
#0 D:\Dự án 1\PKTT_duan1_source\PKTT_duan1_source\App\Models\Database.php(53): mysqli->__construct()
#1 D:\Dự án 1\PKTT_duan1_source\PKTT_duan1_source\App\Models\BaseModel.php(132): App\Models\Database->MySQLi()
#2 D:\Dự án 1\PKTT_duan1_source\PKTT_duan1_source\App\Models\Category.php(34): App\Models\BaseModel->getAllByStatus()
#3 D:\Dự án 1\PKTT_duan1_source\PKTT_duan1_source\App\Controllers\Client\HomeController.php(19): App\Models\Category->getAllCategoryByStatus()
#4 D:\Dự án 1\PKTT_duan1_source\PKTT_duan1_source\App\Route.php(82): App\Controllers\Client\HomeController::index()
#5 D:\Dự án 1\PKTT_duan1_source\PKTT_duan1_source\index.php(168): App\Route::dispatch()
#6 {main}
  thrown in D:\Dự án 1\PKTT_duan1_source\PKTT_duan1_source\App\Models\Database.php on line 53
[26-Nov-2024 14:19:13 Asia/Ho_Chi_Minh] PHP Fatal error:  Uncaught mysqli_sql_exception: No connection could be made because the target machine actively refused it in D:\Dự án 1\PKTT_duan1_source\PKTT_duan1_source\App\Models\Database.php:53
Stack trace:
#0 D:\Dự án 1\PKTT_duan1_source\PKTT_duan1_source\App\Models\Database.php(53): mysqli->__construct()
#1 D:\Dự án 1\PKTT_duan1_source\PKTT_duan1_source\App\Models\BaseModel.php(132): App\Models\Database->MySQLi()
#2 D:\Dự án 1\PKTT_duan1_source\PKTT_duan1_source\App\Models\Category.php(34): App\Models\BaseModel->getAllByStatus()
#3 D:\Dự án 1\PKTT_duan1_source\PKTT_duan1_source\App\Controllers\Client\HomeController.php(19): App\Models\Category->getAllCategoryByStatus()
#4 D:\Dự án 1\PKTT_duan1_source\PKTT_duan1_source\App\Route.php(82): App\Controllers\Client\HomeController::index()
#5 D:\Dự án 1\PKTT_duan1_source\PKTT_duan1_source\index.php(168): App\Route::dispatch()
#6 {main}
  thrown in D:\Dự án 1\PKTT_duan1_source\PKTT_duan1_source\App\Models\Database.php on line 53
[26-Nov-2024 16:36:31 Asia/Ho_Chi_Minh] PHP Fatal error:  Uncaught mysqli_sql_exception: No connection could be made because the target machine actively refused it in D:\Dự án 1\PKTT_duan1_source\PKTT_duan1_source\App\Models\Database.php:53
Stack trace:
#0 D:\Dự án 1\PKTT_duan1_source\PKTT_duan1_source\App\Models\Database.php(53): mysqli->__construct()
#1 D:\Dự án 1\PKTT_duan1_source\PKTT_duan1_source\App\Models\BaseModel.php(132): App\Models\Database->MySQLi()
#2 D:\Dự án 1\PKTT_duan1_source\PKTT_duan1_source\App\Models\Category.php(34): App\Models\BaseModel->getAllByStatus()
#3 D:\Dự án 1\PKTT_duan1_source\PKTT_duan1_source\App\Controllers\Client\HomeController.php(19): App\Models\Category->getAllCategoryByStatus()
#4 D:\Dự án 1\PKTT_duan1_source\PKTT_duan1_source\App\Route.php(82): App\Controllers\Client\HomeController::index()
#5 D:\Dự án 1\PKTT_duan1_source\PKTT_duan1_source\index.php(192): App\Route::dispatch()
#6 {main}
  thrown in D:\Dự án 1\PKTT_duan1_source\PKTT_duan1_source\App\Models\Database.php on line 53
[26-Nov-2024 16:37:03 Asia/Ho_Chi_Minh] PHP Warning:  Trying to access array offset on value of type int in D:\Dự án 1\PKTT_duan1_source\PKTT_duan1_source\App\Views\Client\Pages\Product\Detail.php on line 155
[26-Nov-2024 16:37:03 Asia/Ho_Chi_Minh] PHP Fatal error:  Uncaught TypeError: Cannot access offset of type string on string in D:\Dự án 1\PKTT_duan1_source\PKTT_duan1_source\App\Views\Client\Pages\Product\Detail.php:155
Stack trace:
#0 D:\Dự án 1\PKTT_duan1_source\PKTT_duan1_source\App\Controllers\Client\ProductController.php(87): App\Views\Client\Pages\Product\Detail::render()
#1 D:\Dự án 1\PKTT_duan1_source\PKTT_duan1_source\App\Route.php(104): App\Controllers\Client\ProductController::detail()
#2 D:\Dự án 1\PKTT_duan1_source\PKTT_duan1_source\index.php(192): App\Route::dispatch()
#3 {main}
  thrown in D:\Dự án 1\PKTT_duan1_source\PKTT_duan1_source\App\Views\Client\Pages\Product\Detail.php on line 155
[26-Nov-2024 16:44:42 Asia/Ho_Chi_Minh] PHP Warning:  Trying to access array offset on value of type int in D:\Dự án 1\PKTT_duan1_source\PKTT_duan1_source\App\Views\Client\Pages\Product\Detail.php on line 155
[26-Nov-2024 16:44:42 Asia/Ho_Chi_Minh] PHP Fatal error:  Uncaught TypeError: Cannot access offset of type string on string in D:\Dự án 1\PKTT_duan1_source\PKTT_duan1_source\App\Views\Client\Pages\Product\Detail.php:155
Stack trace:
#0 D:\Dự án 1\PKTT_duan1_source\PKTT_duan1_source\App\Controllers\Client\ProductController.php(87): App\Views\Client\Pages\Product\Detail::render()
#1 D:\Dự án 1\PKTT_duan1_source\PKTT_duan1_source\App\Route.php(104): App\Controllers\Client\ProductController::detail()
#2 D:\Dự án 1\PKTT_duan1_source\PKTT_duan1_source\index.php(192): App\Route::dispatch()
#3 {main}
  thrown in D:\Dự án 1\PKTT_duan1_source\PKTT_duan1_source\App\Views\Client\Pages\Product\Detail.php on line 155
[26-Nov-2024 16:44:58 Asia/Ho_Chi_Minh] PHP Warning:  Undefined array key "email" in D:\Dự án 1\PKTT_duan1_source\PKTT_duan1_source\App\Controllers\Client\AuthController.php on line 109
[26-Nov-2024 16:45:02 Asia/Ho_Chi_Minh] PHP Warning:  Trying to access array offset on value of type int in D:\Dự án 1\PKTT_duan1_source\PKTT_duan1_source\App\Views\Client\Pages\Product\Detail.php on line 155
[26-Nov-2024 16:45:02 Asia/Ho_Chi_Minh] PHP Fatal error:  Uncaught TypeError: Cannot access offset of type string on string in D:\Dự án 1\PKTT_duan1_source\PKTT_duan1_source\App\Views\Client\Pages\Product\Detail.php:155
Stack trace:
#0 D:\Dự án 1\PKTT_duan1_source\PKTT_duan1_source\App\Controllers\Client\ProductController.php(87): App\Views\Client\Pages\Product\Detail::render()
#1 D:\Dự án 1\PKTT_duan1_source\PKTT_duan1_source\App\Route.php(104): App\Controllers\Client\ProductController::detail()
#2 D:\Dự án 1\PKTT_duan1_source\PKTT_duan1_source\index.php(192): App\Route::dispatch()
#3 {main}
  thrown in D:\Dự án 1\PKTT_duan1_source\PKTT_duan1_source\App\Views\Client\Pages\Product\Detail.php on line 155
[26-Nov-2024 16:45:11 Asia/Ho_Chi_Minh] PHP Warning:  Undefined array key "price" in D:\Dự án 1\PKTT_duan1_source\PKTT_duan1_source\App\Models\CartModel.php on line 99
[26-Nov-2024 16:45:21 Asia/Ho_Chi_Minh] PHP Warning:  Undefined array key "price" in D:\Dự án 1\PKTT_duan1_source\PKTT_duan1_source\App\Models\CartModel.php on line 99
[26-Nov-2024 16:45:23 Asia/Ho_Chi_Minh] PHP Warning:  Undefined array key "price" in D:\Dự án 1\PKTT_duan1_source\PKTT_duan1_source\App\Models\CartModel.php on line 99
[26-Nov-2024 16:55:14 Asia/Ho_Chi_Minh] PHP Warning:  Trying to access array offset on value of type int in D:\Dự án 1\PKTT_duan1_source\PKTT_duan1_source\App\Views\Client\Pages\Product\Detail.php on line 153
[26-Nov-2024 16:55:14 Asia/Ho_Chi_Minh] PHP Fatal error:  Uncaught TypeError: Cannot access offset of type string on string in D:\Dự án 1\PKTT_duan1_source\PKTT_duan1_source\App\Views\Client\Pages\Product\Detail.php:153
Stack trace:
#0 D:\Dự án 1\PKTT_duan1_source\PKTT_duan1_source\App\Controllers\Client\ProductController.php(87): App\Views\Client\Pages\Product\Detail::render()
#1 D:\Dự án 1\PKTT_duan1_source\PKTT_duan1_source\App\Route.php(104): App\Controllers\Client\ProductController::detail()
#2 D:\Dự án 1\PKTT_duan1_source\PKTT_duan1_source\index.php(192): App\Route::dispatch()
#3 {main}
  thrown in D:\Dự án 1\PKTT_duan1_source\PKTT_duan1_source\App\Views\Client\Pages\Product\Detail.php on line 153
[26-Nov-2024 16:56:55 Asia/Ho_Chi_Minh] PHP Warning:  Trying to access array offset on value of type int in D:\Dự án 1\PKTT_duan1_source\PKTT_duan1_source\App\Views\Client\Pages\Product\Detail.php on line 153
[26-Nov-2024 16:56:55 Asia/Ho_Chi_Minh] PHP Fatal error:  Uncaught TypeError: Cannot access offset of type string on string in D:\Dự án 1\PKTT_duan1_source\PKTT_duan1_source\App\Views\Client\Pages\Product\Detail.php:153
Stack trace:
#0 D:\Dự án 1\PKTT_duan1_source\PKTT_duan1_source\App\Controllers\Client\ProductController.php(87): App\Views\Client\Pages\Product\Detail::render()
#1 D:\Dự án 1\PKTT_duan1_source\PKTT_duan1_source\App\Route.php(104): App\Controllers\Client\ProductController::detail()
#2 D:\Dự án 1\PKTT_duan1_source\PKTT_duan1_source\index.php(192): App\Route::dispatch()
#3 {main}
  thrown in D:\Dự án 1\PKTT_duan1_source\PKTT_duan1_source\App\Views\Client\Pages\Product\Detail.php on line 153
[26-Nov-2024 16:57:04 Asia/Ho_Chi_Minh] PHP Warning:  Trying to access array offset on value of type int in D:\Dự án 1\PKTT_duan1_source\PKTT_duan1_source\App\Views\Client\Pages\Product\Detail.php on line 153
[26-Nov-2024 16:57:04 Asia/Ho_Chi_Minh] PHP Fatal error:  Uncaught TypeError: Cannot access offset of type string on string in D:\Dự án 1\PKTT_duan1_source\PKTT_duan1_source\App\Views\Client\Pages\Product\Detail.php:153
Stack trace:
#0 D:\Dự án 1\PKTT_duan1_source\PKTT_duan1_source\App\Controllers\Client\ProductController.php(87): App\Views\Client\Pages\Product\Detail::render()
#1 D:\Dự án 1\PKTT_duan1_source\PKTT_duan1_source\App\Route.php(104): App\Controllers\Client\ProductController::detail()
#2 D:\Dự án 1\PKTT_duan1_source\PKTT_duan1_source\index.php(192): App\Route::dispatch()
#3 {main}
  thrown in D:\Dự án 1\PKTT_duan1_source\PKTT_duan1_source\App\Views\Client\Pages\Product\Detail.php on line 153
[26-Nov-2024 16:57:33 Asia/Ho_Chi_Minh] PHP Warning:  Trying to access array offset on value of type int in D:\Dự án 1\PKTT_duan1_source\PKTT_duan1_source\App\Views\Client\Pages\Product\Detail.php on line 153
[26-Nov-2024 16:57:33 Asia/Ho_Chi_Minh] PHP Fatal error:  Uncaught TypeError: Cannot access offset of type string on string in D:\Dự án 1\PKTT_duan1_source\PKTT_duan1_source\App\Views\Client\Pages\Product\Detail.php:153
Stack trace:
#0 D:\Dự án 1\PKTT_duan1_source\PKTT_duan1_source\App\Controllers\Client\ProductController.php(87): App\Views\Client\Pages\Product\Detail::render()
#1 D:\Dự án 1\PKTT_duan1_source\PKTT_duan1_source\App\Route.php(104): App\Controllers\Client\ProductController::detail()
#2 D:\Dự án 1\PKTT_duan1_source\PKTT_duan1_source\index.php(192): App\Route::dispatch()
#3 {main}
  thrown in D:\Dự án 1\PKTT_duan1_source\PKTT_duan1_source\App\Views\Client\Pages\Product\Detail.php on line 153
[26-Nov-2024 16:58:04 Asia/Ho_Chi_Minh] PHP Warning:  Trying to access array offset on value of type int in D:\Dự án 1\PKTT_duan1_source\PKTT_duan1_source\App\Views\Client\Pages\Product\Detail.php on line 153
[26-Nov-2024 16:58:04 Asia/Ho_Chi_Minh] PHP Fatal error:  Uncaught TypeError: Cannot access offset of type string on string in D:\Dự án 1\PKTT_duan1_source\PKTT_duan1_source\App\Views\Client\Pages\Product\Detail.php:153
Stack trace:
#0 D:\Dự án 1\PKTT_duan1_source\PKTT_duan1_source\App\Controllers\Client\ProductController.php(87): App\Views\Client\Pages\Product\Detail::render()
#1 D:\Dự án 1\PKTT_duan1_source\PKTT_duan1_source\App\Route.php(104): App\Controllers\Client\ProductController::detail()
#2 D:\Dự án 1\PKTT_duan1_source\PKTT_duan1_source\index.php(192): App\Route::dispatch()
#3 {main}
  thrown in D:\Dự án 1\PKTT_duan1_source\PKTT_duan1_source\App\Views\Client\Pages\Product\Detail.php on line 153
[26-Nov-2024 16:58:04 Asia/Ho_Chi_Minh] PHP Warning:  Trying to access array offset on value of type int in D:\Dự án 1\PKTT_duan1_source\PKTT_duan1_source\App\Views\Client\Pages\Product\Detail.php on line 153
[26-Nov-2024 16:58:04 Asia/Ho_Chi_Minh] PHP Fatal error:  Uncaught TypeError: Cannot access offset of type string on string in D:\Dự án 1\PKTT_duan1_source\PKTT_duan1_source\App\Views\Client\Pages\Product\Detail.php:153
Stack trace:
#0 D:\Dự án 1\PKTT_duan1_source\PKTT_duan1_source\App\Controllers\Client\ProductController.php(87): App\Views\Client\Pages\Product\Detail::render()
#1 D:\Dự án 1\PKTT_duan1_source\PKTT_duan1_source\App\Route.php(104): App\Controllers\Client\ProductController::detail()
#2 D:\Dự án 1\PKTT_duan1_source\PKTT_duan1_source\index.php(192): App\Route::dispatch()
#3 {main}
  thrown in D:\Dự án 1\PKTT_duan1_source\PKTT_duan1_source\App\Views\Client\Pages\Product\Detail.php on line 153
[26-Nov-2024 16:58:05 Asia/Ho_Chi_Minh] PHP Warning:  Trying to access array offset on value of type int in D:\Dự án 1\PKTT_duan1_source\PKTT_duan1_source\App\Views\Client\Pages\Product\Detail.php on line 153
[26-Nov-2024 16:58:05 Asia/Ho_Chi_Minh] PHP Fatal error:  Uncaught TypeError: Cannot access offset of type string on string in D:\Dự án 1\PKTT_duan1_source\PKTT_duan1_source\App\Views\Client\Pages\Product\Detail.php:153
Stack trace:
#0 D:\Dự án 1\PKTT_duan1_source\PKTT_duan1_source\App\Controllers\Client\ProductController.php(87): App\Views\Client\Pages\Product\Detail::render()
#1 D:\Dự án 1\PKTT_duan1_source\PKTT_duan1_source\App\Route.php(104): App\Controllers\Client\ProductController::detail()
#2 D:\Dự án 1\PKTT_duan1_source\PKTT_duan1_source\index.php(192): App\Route::dispatch()
#3 {main}
  thrown in D:\Dự án 1\PKTT_duan1_source\PKTT_duan1_source\App\Views\Client\Pages\Product\Detail.php on line 153
[26-Nov-2024 16:58:05 Asia/Ho_Chi_Minh] PHP Warning:  Trying to access array offset on value of type int in D:\Dự án 1\PKTT_duan1_source\PKTT_duan1_source\App\Views\Client\Pages\Product\Detail.php on line 153
[26-Nov-2024 16:58:05 Asia/Ho_Chi_Minh] PHP Fatal error:  Uncaught TypeError: Cannot access offset of type string on string in D:\Dự án 1\PKTT_duan1_source\PKTT_duan1_source\App\Views\Client\Pages\Product\Detail.php:153
Stack trace:
#0 D:\Dự án 1\PKTT_duan1_source\PKTT_duan1_source\App\Controllers\Client\ProductController.php(87): App\Views\Client\Pages\Product\Detail::render()
#1 D:\Dự án 1\PKTT_duan1_source\PKTT_duan1_source\App\Route.php(104): App\Controllers\Client\ProductController::detail()
#2 D:\Dự án 1\PKTT_duan1_source\PKTT_duan1_source\index.php(192): App\Route::dispatch()
#3 {main}
  thrown in D:\Dự án 1\PKTT_duan1_source\PKTT_duan1_source\App\Views\Client\Pages\Product\Detail.php on line 153
[26-Nov-2024 16:58:05 Asia/Ho_Chi_Minh] PHP Warning:  Trying to access array offset on value of type int in D:\Dự án 1\PKTT_duan1_source\PKTT_duan1_source\App\Views\Client\Pages\Product\Detail.php on line 153
[26-Nov-2024 16:58:05 Asia/Ho_Chi_Minh] PHP Fatal error:  Uncaught TypeError: Cannot access offset of type string on string in D:\Dự án 1\PKTT_duan1_source\PKTT_duan1_source\App\Views\Client\Pages\Product\Detail.php:153
Stack trace:
#0 D:\Dự án 1\PKTT_duan1_source\PKTT_duan1_source\App\Controllers\Client\ProductController.php(87): App\Views\Client\Pages\Product\Detail::render()
#1 D:\Dự án 1\PKTT_duan1_source\PKTT_duan1_source\App\Route.php(104): App\Controllers\Client\ProductController::detail()
#2 D:\Dự án 1\PKTT_duan1_source\PKTT_duan1_source\index.php(192): App\Route::dispatch()
#3 {main}
  thrown in D:\Dự án 1\PKTT_duan1_source\PKTT_duan1_source\App\Views\Client\Pages\Product\Detail.php on line 153
[26-Nov-2024 16:58:05 Asia/Ho_Chi_Minh] PHP Warning:  Trying to access array offset on value of type int in D:\Dự án 1\PKTT_duan1_source\PKTT_duan1_source\App\Views\Client\Pages\Product\Detail.php on line 153
[26-Nov-2024 16:58:05 Asia/Ho_Chi_Minh] PHP Fatal error:  Uncaught TypeError: Cannot access offset of type string on string in D:\Dự án 1\PKTT_duan1_source\PKTT_duan1_source\App\Views\Client\Pages\Product\Detail.php:153
Stack trace:
#0 D:\Dự án 1\PKTT_duan1_source\PKTT_duan1_source\App\Controllers\Client\ProductController.php(87): App\Views\Client\Pages\Product\Detail::render()
#1 D:\Dự án 1\PKTT_duan1_source\PKTT_duan1_source\App\Route.php(104): App\Controllers\Client\ProductController::detail()
#2 D:\Dự án 1\PKTT_duan1_source\PKTT_duan1_source\index.php(192): App\Route::dispatch()
#3 {main}
  thrown in D:\Dự án 1\PKTT_duan1_source\PKTT_duan1_source\App\Views\Client\Pages\Product\Detail.php on line 153
[26-Nov-2024 16:58:05 Asia/Ho_Chi_Minh] PHP Warning:  Trying to access array offset on value of type int in D:\Dự án 1\PKTT_duan1_source\PKTT_duan1_source\App\Views\Client\Pages\Product\Detail.php on line 153
[26-Nov-2024 16:58:05 Asia/Ho_Chi_Minh] PHP Fatal error:  Uncaught TypeError: Cannot access offset of type string on string in D:\Dự án 1\PKTT_duan1_source\PKTT_duan1_source\App\Views\Client\Pages\Product\Detail.php:153
Stack trace:
#0 D:\Dự án 1\PKTT_duan1_source\PKTT_duan1_source\App\Controllers\Client\ProductController.php(87): App\Views\Client\Pages\Product\Detail::render()
#1 D:\Dự án 1\PKTT_duan1_source\PKTT_duan1_source\App\Route.php(104): App\Controllers\Client\ProductController::detail()
#2 D:\Dự án 1\PKTT_duan1_source\PKTT_duan1_source\index.php(192): App\Route::dispatch()
#3 {main}
  thrown in D:\Dự án 1\PKTT_duan1_source\PKTT_duan1_source\App\Views\Client\Pages\Product\Detail.php on line 153
[26-Nov-2024 17:01:37 Asia/Ho_Chi_Minh] PHP Warning:  Trying to access array offset on value of type int in D:\Dự án 1\PKTT_duan1_source\PKTT_duan1_source\App\Views\Client\Pages\Product\Detail.php on line 153
[26-Nov-2024 17:01:37 Asia/Ho_Chi_Minh] PHP Fatal error:  Uncaught TypeError: Cannot access offset of type string on string in D:\Dự án 1\PKTT_duan1_source\PKTT_duan1_source\App\Views\Client\Pages\Product\Detail.php:153
Stack trace:
#0 D:\Dự án 1\PKTT_duan1_source\PKTT_duan1_source\App\Controllers\Client\ProductController.php(87): App\Views\Client\Pages\Product\Detail::render()
#1 D:\Dự án 1\PKTT_duan1_source\PKTT_duan1_source\App\Route.php(104): App\Controllers\Client\ProductController::detail()
#2 D:\Dự án 1\PKTT_duan1_source\PKTT_duan1_source\index.php(192): App\Route::dispatch()
#3 {main}
  thrown in D:\Dự án 1\PKTT_duan1_source\PKTT_duan1_source\App\Views\Client\Pages\Product\Detail.php on line 153
[26-Nov-2024 17:03:53 Asia/Ho_Chi_Minh] PHP Warning:  Trying to access array offset on value of type int in D:\Dự án 1\PKTT_duan1_source\PKTT_duan1_source\App\Views\Client\Pages\Product\Detail.php on line 153
[26-Nov-2024 17:03:53 Asia/Ho_Chi_Minh] PHP Fatal error:  Uncaught TypeError: Cannot access offset of type string on string in D:\Dự án 1\PKTT_duan1_source\PKTT_duan1_source\App\Views\Client\Pages\Product\Detail.php:153
Stack trace:
#0 D:\Dự án 1\PKTT_duan1_source\PKTT_duan1_source\App\Controllers\Client\ProductController.php(87): App\Views\Client\Pages\Product\Detail::render()
#1 D:\Dự án 1\PKTT_duan1_source\PKTT_duan1_source\App\Route.php(104): App\Controllers\Client\ProductController::detail()
#2 D:\Dự án 1\PKTT_duan1_source\PKTT_duan1_source\index.php(192): App\Route::dispatch()
#3 {main}
  thrown in D:\Dự án 1\PKTT_duan1_source\PKTT_duan1_source\App\Views\Client\Pages\Product\Detail.php on line 153
[26-Nov-2024 17:04:05 Asia/Ho_Chi_Minh] PHP Warning:  Trying to access array offset on value of type int in D:\Dự án 1\PKTT_duan1_source\PKTT_duan1_source\App\Views\Client\Pages\Product\Detail.php on line 153
[26-Nov-2024 17:04:05 Asia/Ho_Chi_Minh] PHP Fatal error:  Uncaught TypeError: Cannot access offset of type string on string in D:\Dự án 1\PKTT_duan1_source\PKTT_duan1_source\App\Views\Client\Pages\Product\Detail.php:153
Stack trace:
#0 D:\Dự án 1\PKTT_duan1_source\PKTT_duan1_source\App\Controllers\Client\ProductController.php(87): App\Views\Client\Pages\Product\Detail::render()
#1 D:\Dự án 1\PKTT_duan1_source\PKTT_duan1_source\App\Route.php(104): App\Controllers\Client\ProductController::detail()
#2 D:\Dự án 1\PKTT_duan1_source\PKTT_duan1_source\index.php(192): App\Route::dispatch()
#3 {main}
  thrown in D:\Dự án 1\PKTT_duan1_source\PKTT_duan1_source\App\Views\Client\Pages\Product\Detail.php on line 153
[26-Nov-2024 17:05:43 Asia/Ho_Chi_Minh] PHP Warning:  Trying to access array offset on value of type int in D:\Dự án 1\PKTT_duan1_source\PKTT_duan1_source\App\Views\Client\Pages\Product\Detail.php on line 153
[26-Nov-2024 17:05:43 Asia/Ho_Chi_Minh] PHP Fatal error:  Uncaught TypeError: Cannot access offset of type string on string in D:\Dự án 1\PKTT_duan1_source\PKTT_duan1_source\App\Views\Client\Pages\Product\Detail.php:153
Stack trace:
#0 D:\Dự án 1\PKTT_duan1_source\PKTT_duan1_source\App\Controllers\Client\ProductController.php(87): App\Views\Client\Pages\Product\Detail::render()
#1 D:\Dự án 1\PKTT_duan1_source\PKTT_duan1_source\App\Route.php(104): App\Controllers\Client\ProductController::detail()
#2 D:\Dự án 1\PKTT_duan1_source\PKTT_duan1_source\index.php(192): App\Route::dispatch()
#3 {main}
  thrown in D:\Dự án 1\PKTT_duan1_source\PKTT_duan1_source\App\Views\Client\Pages\Product\Detail.php on line 153
[26-Nov-2024 17:06:05 Asia/Ho_Chi_Minh] PHP Warning:  Trying to access array offset on value of type int in D:\Dự án 1\PKTT_duan1_source\PKTT_duan1_source\App\Views\Client\Pages\Product\Detail.php on line 153
[26-Nov-2024 17:06:05 Asia/Ho_Chi_Minh] PHP Fatal error:  Uncaught TypeError: Cannot access offset of type string on string in D:\Dự án 1\PKTT_duan1_source\PKTT_duan1_source\App\Views\Client\Pages\Product\Detail.php:153
Stack trace:
#0 D:\Dự án 1\PKTT_duan1_source\PKTT_duan1_source\App\Controllers\Client\ProductController.php(87): App\Views\Client\Pages\Product\Detail::render()
#1 D:\Dự án 1\PKTT_duan1_source\PKTT_duan1_source\App\Route.php(104): App\Controllers\Client\ProductController::detail()
#2 D:\Dự án 1\PKTT_duan1_source\PKTT_duan1_source\index.php(192): App\Route::dispatch()
#3 {main}
  thrown in D:\Dự án 1\PKTT_duan1_source\PKTT_duan1_source\App\Views\Client\Pages\Product\Detail.php on line 153
[26-Nov-2024 17:30:30 Asia/Ho_Chi_Minh] PHP Warning:  Trying to access array offset on value of type int in D:\Dự án 1\PKTT_duan1_source\PKTT_duan1_source\App\Views\Client\Pages\Product\Detail.php on line 155
[26-Nov-2024 17:30:30 Asia/Ho_Chi_Minh] PHP Fatal error:  Uncaught TypeError: Cannot access offset of type string on string in D:\Dự án 1\PKTT_duan1_source\PKTT_duan1_source\App\Views\Client\Pages\Product\Detail.php:155
Stack trace:
#0 D:\Dự án 1\PKTT_duan1_source\PKTT_duan1_source\App\Controllers\Client\ProductController.php(87): App\Views\Client\Pages\Product\Detail::render()
#1 D:\Dự án 1\PKTT_duan1_source\PKTT_duan1_source\App\Route.php(104): App\Controllers\Client\ProductController::detail()
#2 D:\Dự án 1\PKTT_duan1_source\PKTT_duan1_source\index.php(192): App\Route::dispatch()
#3 {main}
  thrown in D:\Dự án 1\PKTT_duan1_source\PKTT_duan1_source\App\Views\Client\Pages\Product\Detail.php on line 155
[26-Nov-2024 17:30:37 Asia/Ho_Chi_Minh] PHP Warning:  Trying to access array offset on value of type int in D:\Dự án 1\PKTT_duan1_source\PKTT_duan1_source\App\Views\Client\Pages\Product\Detail.php on line 155
[26-Nov-2024 17:30:37 Asia/Ho_Chi_Minh] PHP Fatal error:  Uncaught TypeError: Cannot access offset of type string on string in D:\Dự án 1\PKTT_duan1_source\PKTT_duan1_source\App\Views\Client\Pages\Product\Detail.php:155
Stack trace:
#0 D:\Dự án 1\PKTT_duan1_source\PKTT_duan1_source\App\Controllers\Client\ProductController.php(87): App\Views\Client\Pages\Product\Detail::render()
#1 D:\Dự án 1\PKTT_duan1_source\PKTT_duan1_source\App\Route.php(104): App\Controllers\Client\ProductController::detail()
#2 D:\Dự án 1\PKTT_duan1_source\PKTT_duan1_source\index.php(192): App\Route::dispatch()
#3 {main}
  thrown in D:\Dự án 1\PKTT_duan1_source\PKTT_duan1_source\App\Views\Client\Pages\Product\Detail.php on line 155
[26-Nov-2024 17:30:41 Asia/Ho_Chi_Minh] PHP Warning:  Trying to access array offset on value of type int in D:\Dự án 1\PKTT_duan1_source\PKTT_duan1_source\App\Views\Client\Pages\Product\Detail.php on line 155
[26-Nov-2024 17:30:41 Asia/Ho_Chi_Minh] PHP Fatal error:  Uncaught TypeError: Cannot access offset of type string on string in D:\Dự án 1\PKTT_duan1_source\PKTT_duan1_source\App\Views\Client\Pages\Product\Detail.php:155
Stack trace:
#0 D:\Dự án 1\PKTT_duan1_source\PKTT_duan1_source\App\Controllers\Client\ProductController.php(87): App\Views\Client\Pages\Product\Detail::render()
#1 D:\Dự án 1\PKTT_duan1_source\PKTT_duan1_source\App\Route.php(104): App\Controllers\Client\ProductController::detail()
#2 D:\Dự án 1\PKTT_duan1_source\PKTT_duan1_source\index.php(192): App\Route::dispatch()
#3 {main}
  thrown in D:\Dự án 1\PKTT_duan1_source\PKTT_duan1_source\App\Views\Client\Pages\Product\Detail.php on line 155
[26-Nov-2024 17:31:20 Asia/Ho_Chi_Minh] PHP Warning:  Trying to access array offset on value of type int in D:\Dự án 1\PKTT_duan1_source\PKTT_duan1_source\App\Views\Client\Pages\Product\Detail.php on line 155
[26-Nov-2024 17:31:20 Asia/Ho_Chi_Minh] PHP Fatal error:  Uncaught TypeError: Cannot access offset of type string on string in D:\Dự án 1\PKTT_duan1_source\PKTT_duan1_source\App\Views\Client\Pages\Product\Detail.php:155
Stack trace:
#0 D:\Dự án 1\PKTT_duan1_source\PKTT_duan1_source\App\Controllers\Client\ProductController.php(87): App\Views\Client\Pages\Product\Detail::render()
#1 D:\Dự án 1\PKTT_duan1_source\PKTT_duan1_source\App\Route.php(104): App\Controllers\Client\ProductController::detail()
#2 D:\Dự án 1\PKTT_duan1_source\PKTT_duan1_source\index.php(192): App\Route::dispatch()
#3 {main}
  thrown in D:\Dự án 1\PKTT_duan1_source\PKTT_duan1_source\App\Views\Client\Pages\Product\Detail.php on line 155
[26-Nov-2024 17:46:00 Asia/Ho_Chi_Minh] PHP Warning:  Trying to access array offset on value of type int in D:\Dự án 1\PKTT_duan1_source\PKTT_duan1_source\App\Views\Client\Pages\Product\Detail.php on line 155
[26-Nov-2024 17:46:00 Asia/Ho_Chi_Minh] PHP Deprecated:  htmlspecialchars(): Passing null to parameter #1 ($string) of type string is deprecated in D:\Dự án 1\PKTT_duan1_source\PKTT_duan1_source\App\Views\Client\Pages\Product\Detail.php on line 155
[26-Nov-2024 17:46:00 Asia/Ho_Chi_Minh] PHP Fatal error:  Uncaught TypeError: Cannot access offset of type string on string in D:\Dự án 1\PKTT_duan1_source\PKTT_duan1_source\App\Views\Client\Pages\Product\Detail.php:155
Stack trace:
#0 D:\Dự án 1\PKTT_duan1_source\PKTT_duan1_source\App\Controllers\Client\ProductController.php(87): App\Views\Client\Pages\Product\Detail::render()
#1 D:\Dự án 1\PKTT_duan1_source\PKTT_duan1_source\App\Route.php(104): App\Controllers\Client\ProductController::detail()
#2 D:\Dự án 1\PKTT_duan1_source\PKTT_duan1_source\index.php(192): App\Route::dispatch()
#3 {main}
  thrown in D:\Dự án 1\PKTT_duan1_source\PKTT_duan1_source\App\Views\Client\Pages\Product\Detail.php on line 155
[26-Nov-2024 17:46:38 Asia/Ho_Chi_Minh] PHP Warning:  Trying to access array offset on value of type int in D:\Dự án 1\PKTT_duan1_source\PKTT_duan1_source\App\Views\Client\Pages\Product\Detail.php on line 155
[26-Nov-2024 17:46:38 Asia/Ho_Chi_Minh] PHP Deprecated:  htmlspecialchars(): Passing null to parameter #1 ($string) of type string is deprecated in D:\Dự án 1\PKTT_duan1_source\PKTT_duan1_source\App\Views\Client\Pages\Product\Detail.php on line 155
[26-Nov-2024 17:46:38 Asia/Ho_Chi_Minh] PHP Fatal error:  Uncaught TypeError: Cannot access offset of type string on string in D:\Dự án 1\PKTT_duan1_source\PKTT_duan1_source\App\Views\Client\Pages\Product\Detail.php:155
Stack trace:
#0 D:\Dự án 1\PKTT_duan1_source\PKTT_duan1_source\App\Controllers\Client\ProductController.php(87): App\Views\Client\Pages\Product\Detail::render()
#1 D:\Dự án 1\PKTT_duan1_source\PKTT_duan1_source\App\Route.php(104): App\Controllers\Client\ProductController::detail()
#2 D:\Dự án 1\PKTT_duan1_source\PKTT_duan1_source\index.php(192): App\Route::dispatch()
#3 {main}
  thrown in D:\Dự án 1\PKTT_duan1_source\PKTT_duan1_source\App\Views\Client\Pages\Product\Detail.php on line 155
[26-Nov-2024 17:46:38 Asia/Ho_Chi_Minh] PHP Warning:  Trying to access array offset on value of type int in D:\Dự án 1\PKTT_duan1_source\PKTT_duan1_source\App\Views\Client\Pages\Product\Detail.php on line 155
[26-Nov-2024 17:46:38 Asia/Ho_Chi_Minh] PHP Deprecated:  htmlspecialchars(): Passing null to parameter #1 ($string) of type string is deprecated in D:\Dự án 1\PKTT_duan1_source\PKTT_duan1_source\App\Views\Client\Pages\Product\Detail.php on line 155
[26-Nov-2024 17:46:38 Asia/Ho_Chi_Minh] PHP Fatal error:  Uncaught TypeError: Cannot access offset of type string on string in D:\Dự án 1\PKTT_duan1_source\PKTT_duan1_source\App\Views\Client\Pages\Product\Detail.php:155
Stack trace:
#0 D:\Dự án 1\PKTT_duan1_source\PKTT_duan1_source\App\Controllers\Client\ProductController.php(87): App\Views\Client\Pages\Product\Detail::render()
#1 D:\Dự án 1\PKTT_duan1_source\PKTT_duan1_source\App\Route.php(104): App\Controllers\Client\ProductController::detail()
#2 D:\Dự án 1\PKTT_duan1_source\PKTT_duan1_source\index.php(192): App\Route::dispatch()
#3 {main}
  thrown in D:\Dự án 1\PKTT_duan1_source\PKTT_duan1_source\App\Views\Client\Pages\Product\Detail.php on line 155
[26-Nov-2024 18:02:11 Asia/Ho_Chi_Minh] PHP Warning:  Undefined array key "email" in D:\Dự án 1\PKTT_duan1_source\PKTT_duan1_source\App\Controllers\Client\AuthController.php on line 109
[26-Nov-2024 18:02:21 Asia/Ho_Chi_Minh] PHP Warning:  Undefined array key "email" in D:\Dự án 1\PKTT_duan1_source\PKTT_duan1_source\App\Controllers\Client\AuthController.php on line 109
[26-Nov-2024 18:03:25 Asia/Ho_Chi_Minh] PHP Warning:  Undefined array key "email" in D:\Dự án 1\PKTT_duan1_source\PKTT_duan1_source\App\Controllers\Client\AuthController.php on line 109
[26-Nov-2024 18:04:12 Asia/Ho_Chi_Minh] PHP Warning:  Undefined array key "email" in D:\Dự án 1\PKTT_duan1_source\PKTT_duan1_source\App\Controllers\Client\AuthController.php on line 109
[26-Nov-2024 18:05:28 Asia/Ho_Chi_Minh] PHP Warning:  Undefined array key "email" in D:\Dự án 1\PKTT_duan1_source\PKTT_duan1_source\App\Controllers\Client\AuthController.php on line 109
[26-Nov-2024 18:16:33 Asia/Ho_Chi_Minh] PHP Warning:  Undefined array key "price" in D:\Dự án 1\PKTT_duan1_source\PKTT_duan1_source\App\Models\CartModel.php on line 99
[27-Nov-2024 19:54:45 Asia/Ho_Chi_Minh] PHP Fatal error:  Uncaught mysqli_sql_exception: No connection could be made because the target machine actively refused it in E:\Dự án 1\PKTT_duan1_source\PKTT_duan1_source\App\Models\Database.php:53
Stack trace:
#0 E:\Dự án 1\PKTT_duan1_source\PKTT_duan1_source\App\Models\Database.php(53): mysqli->__construct()
#1 E:\Dự án 1\PKTT_duan1_source\PKTT_duan1_source\App\Models\BaseModel.php(132): App\Models\Database->MySQLi()
#2 E:\Dự án 1\PKTT_duan1_source\PKTT_duan1_source\App\Models\Category.php(34): App\Models\BaseModel->getAllByStatus()
#3 E:\Dự án 1\PKTT_duan1_source\PKTT_duan1_source\App\Controllers\Client\HomeController.php(19): App\Models\Category->getAllCategoryByStatus()
#4 E:\Dự án 1\PKTT_duan1_source\PKTT_duan1_source\App\Route.php(82): App\Controllers\Client\HomeController::index()
#5 E:\Dự án 1\PKTT_duan1_source\PKTT_duan1_source\index.php(192): App\Route::dispatch()
#6 {main}
  thrown in E:\Dự án 1\PKTT_duan1_source\PKTT_duan1_source\App\Models\Database.php on line 53
[27-Nov-2024 19:57:06 Asia/Ho_Chi_Minh] PHP Warning:  Undefined array key "price" in E:\Dự án 1\PKTT_duan1_source\PKTT_duan1_source\App\Models\CartModel.php on line 99
[27-Nov-2024 20:03:32 Asia/Ho_Chi_Minh] PHP Warning:  move_uploaded_file(public/uploads/products/20241127201103.jpg): Failed to open stream: No such file or directory in E:\Dự án 1\PKTT_duan1_source\PKTT_duan1_source\App\Validations\ProductValidation.php on line 89
[27-Nov-2024 20:03:32 Asia/Ho_Chi_Minh] PHP Warning:  move_uploaded_file(): Unable to move &quot;C:\Users\ASUS\AppData\Local\Temp\phpB53E.tmp&quot; to &quot;public/uploads/products/20241127201103.jpg&quot; in E:\Dự án 1\PKTT_duan1_source\PKTT_duan1_source\App\Validations\ProductValidation.php on line 89
[27-Nov-2024 20:03:32 Asia/Ho_Chi_Minh] Lỗi khi thêm dữ liệu: Field 'image' doesn't have a default value
[27-Nov-2024 20:59:52 Asia/Ho_Chi_Minh] PHP Fatal error:  Uncaught mysqli_sql_exception: Unknown column 'color_id' in 'field list' in E:\Dự án 1\PKTT_duan1_source\PKTT_duan1_source\App\Models\Product.php:214
Stack trace:
#0 E:\Dự án 1\PKTT_duan1_source\PKTT_duan1_source\App\Models\Product.php(214): mysqli->prepare()
#1 E:\Dự án 1\PKTT_duan1_source\PKTT_duan1_source\App\Controllers\Admin\ProductController.php(203): App\Models\Product->searchProduct()
#2 E:\Dự án 1\PKTT_duan1_source\PKTT_duan1_source\App\Route.php(82): App\Controllers\Admin\ProductController::search()
#3 E:\Dự án 1\PKTT_duan1_source\PKTT_duan1_source\index.php(192): App\Route::dispatch()
#4 {main}
  thrown in E:\Dự án 1\PKTT_duan1_source\PKTT_duan1_source\App\Models\Product.php on line 214
[27-Nov-2024 21:02:40 Asia/Ho_Chi_Minh] Lỗi khi thêm dữ liệu: Out of range value for column 'total_price' at row 1
[27-Nov-2024 21:02:51 Asia/Ho_Chi_Minh] Lỗi khi thêm dữ liệu: Out of range value for column 'total_price' at row 1
[27-Nov-2024 22:21:03 Asia/Ho_Chi_Minh] PHP Warning:  Undefined array key "name" in E:\Dự án 1\PKTT_duan1_source\PKTT_duan1_source\App\Views\Client\Pages\Product\Detail.php on line 136
[27-Nov-2024 22:21:03 Asia/Ho_Chi_Minh] PHP Warning:  Undefined array key "name" in E:\Dự án 1\PKTT_duan1_source\PKTT_duan1_source\App\Views\Client\Pages\Product\Detail.php on line 136
[27-Nov-2024 22:21:03 Asia/Ho_Chi_Minh] PHP Warning:  Undefined array key "name" in E:\Dự án 1\PKTT_duan1_source\PKTT_duan1_source\App\Views\Client\Pages\Product\Detail.php on line 136
[27-Nov-2024 22:29:46 Asia/Ho_Chi_Minh] PHP Warning:  Undefined array key "option_values" in E:\Dự án 1\PKTT_duan1_source\PKTT_duan1_source\App\Views\Client\Pages\Product\Detail.php on line 136
[27-Nov-2024 22:29:46 Asia/Ho_Chi_Minh] PHP Warning:  Undefined array key "option_values" in E:\Dự án 1\PKTT_duan1_source\PKTT_duan1_source\App\Views\Client\Pages\Product\Detail.php on line 136
[27-Nov-2024 22:29:46 Asia/Ho_Chi_Minh] PHP Warning:  Undefined array key "option_values" in E:\Dự án 1\PKTT_duan1_source\PKTT_duan1_source\App\Views\Client\Pages\Product\Detail.php on line 136
[27-Nov-2024 23:16:56 Asia/Ho_Chi_Minh] PHP Fatal error:  Uncaught ArgumentCountError: The number of variables must match the number of parameters in the prepared statement in E:\Dự án 1\PKTT_duan1_source\PKTT_duan1_source\App\Models\Product.php:263
Stack trace:
#0 E:\Dự án 1\PKTT_duan1_source\PKTT_duan1_source\App\Models\Product.php(263): mysqli_stmt->bind_param()
#1 E:\Dự án 1\PKTT_duan1_source\PKTT_duan1_source\App\Controllers\Client\ProductController.php(61): App\Models\Product->getAllProductsWithDetails()
#2 E:\Dự án 1\PKTT_duan1_source\PKTT_duan1_source\App\Route.php(104): App\Controllers\Client\ProductController::detail()
#3 E:\Dự án 1\PKTT_duan1_source\PKTT_duan1_source\index.php(192): App\Route::dispatch()
#4 {main}
  thrown in E:\Dự án 1\PKTT_duan1_source\PKTT_duan1_source\App\Models\Product.php on line 263
[27-Nov-2024 23:57:08 Asia/Ho_Chi_Minh] PHP Fatal error:  Uncaught mysqli_sql_exception: You have an error in your SQL syntax; check the manual that corresponds to your MySQL server version for the right syntax to use near '.name AS option_name
              FROM products AS p JOIN product_skus AS ps O' at line 3 in E:\Dự án 1\PKTT_duan1_source\PKTT_duan1_source\App\Models\Product.php:251
Stack trace:
#0 E:\Dự án 1\PKTT_duan1_source\PKTT_duan1_source\App\Models\Product.php(251): mysqli->prepare()
#1 E:\Dự án 1\PKTT_duan1_source\PKTT_duan1_source\App\Controllers\Client\ProductController.php(61): App\Models\Product->getAllProductsWithDetails()
#2 E:\Dự án 1\PKTT_duan1_source\PKTT_duan1_source\App\Route.php(104): App\Controllers\Client\ProductController::detail()
#3 E:\Dự án 1\PKTT_duan1_source\PKTT_duan1_source\index.php(192): App\Route::dispatch()
#4 {main}
  thrown in E:\Dự án 1\PKTT_duan1_source\PKTT_duan1_source\App\Models\Product.php on line 251
[27-Nov-2024 23:57:11 Asia/Ho_Chi_Minh] PHP Fatal error:  Uncaught mysqli_sql_exception: You have an error in your SQL syntax; check the manual that corresponds to your MySQL server version for the right syntax to use near '.name AS option_name
              FROM products AS p JOIN product_skus AS ps O' at line 3 in E:\Dự án 1\PKTT_duan1_source\PKTT_duan1_source\App\Models\Product.php:251
Stack trace:
#0 E:\Dự án 1\PKTT_duan1_source\PKTT_duan1_source\App\Models\Product.php(251): mysqli->prepare()
#1 E:\Dự án 1\PKTT_duan1_source\PKTT_duan1_source\App\Controllers\Client\ProductController.php(61): App\Models\Product->getAllProductsWithDetails()
#2 E:\Dự án 1\PKTT_duan1_source\PKTT_duan1_source\App\Route.php(104): App\Controllers\Client\ProductController::detail()
#3 E:\Dự án 1\PKTT_duan1_source\PKTT_duan1_source\index.php(192): App\Route::dispatch()
#4 {main}
  thrown in E:\Dự án 1\PKTT_duan1_source\PKTT_duan1_source\App\Models\Product.php on line 251
[28-Nov-2024 00:00:09 Asia/Ho_Chi_Minh] PHP Warning:  Undefined array key "option_color" in E:\Dự án 1\PKTT_duan1_source\PKTT_duan1_source\App\Views\Client\Pages\Product\Detail.php on line 136
[28-Nov-2024 00:00:09 Asia/Ho_Chi_Minh] PHP Warning:  Undefined array key "option_color" in E:\Dự án 1\PKTT_duan1_source\PKTT_duan1_source\App\Views\Client\Pages\Product\Detail.php on line 136
[28-Nov-2024 00:05:33 Asia/Ho_Chi_Minh] PHP Fatal error:  Uncaught ArgumentCountError: The number of variables must match the number of parameters in the prepared statement in E:\Dự án 1\PKTT_duan1_source\PKTT_duan1_source\App\Models\Product.php:272
Stack trace:
#0 E:\Dự án 1\PKTT_duan1_source\PKTT_duan1_source\App\Models\Product.php(272): mysqli_stmt->bind_param()
#1 E:\Dự án 1\PKTT_duan1_source\PKTT_duan1_source\App\Controllers\Client\ProductController.php(61): App\Models\Product->getAllProductsWithDetails()
#2 E:\Dự án 1\PKTT_duan1_source\PKTT_duan1_source\App\Route.php(104): App\Controllers\Client\ProductController::detail()
#3 E:\Dự án 1\PKTT_duan1_source\PKTT_duan1_source\index.php(192): App\Route::dispatch()
#4 {main}
  thrown in E:\Dự án 1\PKTT_duan1_source\PKTT_duan1_source\App\Models\Product.php on line 272
[28-Nov-2024 00:05:37 Asia/Ho_Chi_Minh] PHP Fatal error:  Uncaught ArgumentCountError: The number of variables must match the number of parameters in the prepared statement in E:\Dự án 1\PKTT_duan1_source\PKTT_duan1_source\App\Models\Product.php:272
Stack trace:
#0 E:\Dự án 1\PKTT_duan1_source\PKTT_duan1_source\App\Models\Product.php(272): mysqli_stmt->bind_param()
#1 E:\Dự án 1\PKTT_duan1_source\PKTT_duan1_source\App\Controllers\Client\ProductController.php(61): App\Models\Product->getAllProductsWithDetails()
#2 E:\Dự án 1\PKTT_duan1_source\PKTT_duan1_source\App\Route.php(104): App\Controllers\Client\ProductController::detail()
#3 E:\Dự án 1\PKTT_duan1_source\PKTT_duan1_source\index.php(192): App\Route::dispatch()
#4 {main}
  thrown in E:\Dự án 1\PKTT_duan1_source\PKTT_duan1_source\App\Models\Product.php on line 272
[28-Nov-2024 00:06:18 Asia/Ho_Chi_Minh] PHP Warning:  Undefined array key "option_value" in E:\Dự án 1\PKTT_duan1_source\PKTT_duan1_source\App\Views\Client\Pages\Product\Detail.php on line 136
[28-Nov-2024 00:06:18 Asia/Ho_Chi_Minh] PHP Warning:  Undefined array key "option_value" in E:\Dự án 1\PKTT_duan1_source\PKTT_duan1_source\App\Views\Client\Pages\Product\Detail.php on line 136
[28-Nov-2024 00:10:31 Asia/Ho_Chi_Minh] PHP Warning:  Undefined array key "material_option_value" in E:\Dự án 1\PKTT_duan1_source\PKTT_duan1_source\App\Views\Client\Pages\Product\Detail.php on line 177
[28-Nov-2024 15:20:54 Asia/Ho_Chi_Minh] PHP Fatal error:  Uncaught mysqli_sql_exception: You have an error in your SQL syntax; check the manual that corresponds to your MySQL server version for the right syntax to use near 'JOIN product_skus AS ps ON p.id = ps.product_id LEFT JOIN
            sku_value' at line 3 in E:\Dự án 1\PKTT_duan1_source\PKTT_duan1_source\App\Models\Product.php:251
Stack trace:
#0 E:\Dự án 1\PKTT_duan1_source\PKTT_duan1_source\App\Models\Product.php(251): mysqli->prepare()
#1 E:\Dự án 1\PKTT_duan1_source\PKTT_duan1_source\App\Controllers\Client\ProductController.php(61): App\Models\Product->getAllProductsWithDetails()
#2 E:\Dự án 1\PKTT_duan1_source\PKTT_duan1_source\App\Route.php(104): App\Controllers\Client\ProductController::detail()
#3 E:\Dự án 1\PKTT_duan1_source\PKTT_duan1_source\index.php(192): App\Route::dispatch()
#4 {main}
  thrown in E:\Dự án 1\PKTT_duan1_source\PKTT_duan1_source\App\Models\Product.php on line 251
[28-Nov-2024 15:21:36 Asia/Ho_Chi_Minh] PHP Warning:  Undefined array key "material_option_value" in E:\Dự án 1\PKTT_duan1_source\PKTT_duan1_source\App\Views\Client\Pages\Product\Detail.php on line 181
[28-Nov-2024 15:21:36 Asia/Ho_Chi_Minh] PHP Warning:  Undefined array key "material_option_value" in E:\Dự án 1\PKTT_duan1_source\PKTT_duan1_source\App\Views\Client\Pages\Product\Detail.php on line 181
[28-Nov-2024 17:29:34 Asia/Ho_Chi_Minh] Lỗi khi thêm dữ liệu: Out of range value for column 'total_price' at row 1
[28-Nov-2024 17:31:22 Asia/Ho_Chi_Minh] PHP Warning:  Undefined array key "price" in E:\Dự án 1\PKTT_duan1_source\PKTT_duan1_source\App\Models\CartModel.php on line 99
[28-Nov-2024 17:31:24 Asia/Ho_Chi_Minh] PHP Warning:  Undefined array key "price" in E:\Dự án 1\PKTT_duan1_source\PKTT_duan1_source\App\Models\CartModel.php on line 99
[28-Nov-2024 22:03:24 Asia/Ho_Chi_Minh] PHP Warning:  Undefined array key "image" in E:\Dự án 1\PKTT_duan1_source\PKTT_duan1_source\App\Views\Client\Pages\Product\Detail.php on line 132
[28-Nov-2024 22:03:24 Asia/Ho_Chi_Minh] PHP Warning:  Undefined array key "discount_price" in E:\Dự án 1\PKTT_duan1_source\PKTT_duan1_source\App\Views\Client\Pages\Product\Detail.php on line 132
[28-Nov-2024 22:03:24 Asia/Ho_Chi_Minh] PHP Deprecated:  number_format(): Passing null to parameter #1 ($num) of type float is deprecated in E:\Dự án 1\PKTT_duan1_source\PKTT_duan1_source\App\Views\Client\Pages\Product\Detail.php on line 132
[28-Nov-2024 22:03:24 Asia/Ho_Chi_Minh] PHP Warning:  Undefined array key "image" in E:\Dự án 1\PKTT_duan1_source\PKTT_duan1_source\App\Views\Client\Pages\Product\Detail.php on line 132
[28-Nov-2024 22:03:24 Asia/Ho_Chi_Minh] PHP Warning:  Undefined array key "discount_price" in E:\Dự án 1\PKTT_duan1_source\PKTT_duan1_source\App\Views\Client\Pages\Product\Detail.php on line 132
[28-Nov-2024 22:03:24 Asia/Ho_Chi_Minh] PHP Deprecated:  number_format(): Passing null to parameter #1 ($num) of type float is deprecated in E:\Dự án 1\PKTT_duan1_source\PKTT_duan1_source\App\Views\Client\Pages\Product\Detail.php on line 132
[28-Nov-2024 22:07:18 Asia/Ho_Chi_Minh] PHP Warning:  Undefined array key "image" in E:\Dự án 1\PKTT_duan1_source\PKTT_duan1_source\App\Views\Client\Pages\Product\Detail.php on line 133
[28-Nov-2024 22:07:18 Asia/Ho_Chi_Minh] PHP Warning:  Undefined array key "discount_price" in E:\Dự án 1\PKTT_duan1_source\PKTT_duan1_source\App\Views\Client\Pages\Product\Detail.php on line 135
[28-Nov-2024 22:07:18 Asia/Ho_Chi_Minh] PHP Deprecated:  number_format(): Passing null to parameter #1 ($num) of type float is deprecated in E:\Dự án 1\PKTT_duan1_source\PKTT_duan1_source\App\Views\Client\Pages\Product\Detail.php on line 135
[28-Nov-2024 22:07:18 Asia/Ho_Chi_Minh] PHP Warning:  Undefined array key "image" in E:\Dự án 1\PKTT_duan1_source\PKTT_duan1_source\App\Views\Client\Pages\Product\Detail.php on line 133
[28-Nov-2024 22:07:18 Asia/Ho_Chi_Minh] PHP Warning:  Undefined array key "discount_price" in E:\Dự án 1\PKTT_duan1_source\PKTT_duan1_source\App\Views\Client\Pages\Product\Detail.php on line 135
[28-Nov-2024 22:07:18 Asia/Ho_Chi_Minh] PHP Deprecated:  number_format(): Passing null to parameter #1 ($num) of type float is deprecated in E:\Dự án 1\PKTT_duan1_source\PKTT_duan1_source\App\Views\Client\Pages\Product\Detail.php on line 135
[28-Nov-2024 22:07:47 Asia/Ho_Chi_Minh] PHP Warning:  Undefined array key "image" in E:\Dự án 1\PKTT_duan1_source\PKTT_duan1_source\App\Views\Client\Pages\Product\Detail.php on line 133
[28-Nov-2024 22:07:47 Asia/Ho_Chi_Minh] PHP Warning:  Undefined array key "discount_price" in E:\Dự án 1\PKTT_duan1_source\PKTT_duan1_source\App\Views\Client\Pages\Product\Detail.php on line 135
[28-Nov-2024 22:07:47 Asia/Ho_Chi_Minh] PHP Deprecated:  number_format(): Passing null to parameter #1 ($num) of type float is deprecated in E:\Dự án 1\PKTT_duan1_source\PKTT_duan1_source\App\Views\Client\Pages\Product\Detail.php on line 135
[28-Nov-2024 22:07:47 Asia/Ho_Chi_Minh] PHP Warning:  Undefined array key "image" in E:\Dự án 1\PKTT_duan1_source\PKTT_duan1_source\App\Views\Client\Pages\Product\Detail.php on line 133
[28-Nov-2024 22:07:47 Asia/Ho_Chi_Minh] PHP Warning:  Undefined array key "discount_price" in E:\Dự án 1\PKTT_duan1_source\PKTT_duan1_source\App\Views\Client\Pages\Product\Detail.php on line 135
[28-Nov-2024 22:07:47 Asia/Ho_Chi_Minh] PHP Deprecated:  number_format(): Passing null to parameter #1 ($num) of type float is deprecated in E:\Dự án 1\PKTT_duan1_source\PKTT_duan1_source\App\Views\Client\Pages\Product\Detail.php on line 135
[28-Nov-2024 22:42:03 Asia/Ho_Chi_Minh] PHP Fatal error:  Uncaught ArgumentCountError: The number of variables must match the number of parameters in the prepared statement in E:\Dự án 1\PKTT_duan1_source\PKTT_duan1_source\App\Models\Product.php:264
Stack trace:
#0 E:\Dự án 1\PKTT_duan1_source\PKTT_duan1_source\App\Models\Product.php(264): mysqli_stmt->bind_param()
#1 E:\Dự án 1\PKTT_duan1_source\PKTT_duan1_source\App\Controllers\Client\ProductController.php(62): App\Models\Product->getAllProductsWithDetails()
#2 E:\Dự án 1\PKTT_duan1_source\PKTT_duan1_source\App\Route.php(104): App\Controllers\Client\ProductController::detail()
#3 E:\Dự án 1\PKTT_duan1_source\PKTT_duan1_source\index.php(192): App\Route::dispatch()
#4 {main}
  thrown in E:\Dự án 1\PKTT_duan1_source\PKTT_duan1_source\App\Models\Product.php on line 264
[28-Nov-2024 22:42:04 Asia/Ho_Chi_Minh] PHP Fatal error:  Uncaught ArgumentCountError: The number of variables must match the number of parameters in the prepared statement in E:\Dự án 1\PKTT_duan1_source\PKTT_duan1_source\App\Models\Product.php:264
Stack trace:
#0 E:\Dự án 1\PKTT_duan1_source\PKTT_duan1_source\App\Models\Product.php(264): mysqli_stmt->bind_param()
#1 E:\Dự án 1\PKTT_duan1_source\PKTT_duan1_source\App\Controllers\Client\ProductController.php(62): App\Models\Product->getAllProductsWithDetails()
#2 E:\Dự án 1\PKTT_duan1_source\PKTT_duan1_source\App\Route.php(104): App\Controllers\Client\ProductController::detail()
#3 E:\Dự án 1\PKTT_duan1_source\PKTT_duan1_source\index.php(192): App\Route::dispatch()
#4 {main}
  thrown in E:\Dự án 1\PKTT_duan1_source\PKTT_duan1_source\App\Models\Product.php on line 264
[28-Nov-2024 23:01:56 Asia/Ho_Chi_Minh] PHP Fatal error:  Uncaught mysqli_sql_exception: Unknown column 'ps.discount_price' in 'field list' in E:\Dự án 1\PKTT_duan1_source\PKTT_duan1_source\App\Models\Product.php:286
Stack trace:
#0 E:\Dự án 1\PKTT_duan1_source\PKTT_duan1_source\App\Models\Product.php(286): mysqli->prepare()
#1 E:\Dự án 1\PKTT_duan1_source\PKTT_duan1_source\App\Controllers\Client\ProductController.php(65): App\Models\Product->getSkusProduct()
#2 E:\Dự án 1\PKTT_duan1_source\PKTT_duan1_source\App\Route.php(104): App\Controllers\Client\ProductController::detail()
#3 E:\Dự án 1\PKTT_duan1_source\PKTT_duan1_source\index.php(192): App\Route::dispatch()
#4 {main}
  thrown in E:\Dự án 1\PKTT_duan1_source\PKTT_duan1_source\App\Models\Product.php on line 286
[28-Nov-2024 23:01:58 Asia/Ho_Chi_Minh] PHP Fatal error:  Uncaught mysqli_sql_exception: Unknown column 'ps.discount_price' in 'field list' in E:\Dự án 1\PKTT_duan1_source\PKTT_duan1_source\App\Models\Product.php:286
Stack trace:
#0 E:\Dự án 1\PKTT_duan1_source\PKTT_duan1_source\App\Models\Product.php(286): mysqli->prepare()
#1 E:\Dự án 1\PKTT_duan1_source\PKTT_duan1_source\App\Controllers\Client\ProductController.php(65): App\Models\Product->getSkusProduct()
#2 E:\Dự án 1\PKTT_duan1_source\PKTT_duan1_source\App\Route.php(104): App\Controllers\Client\ProductController::detail()
#3 E:\Dự án 1\PKTT_duan1_source\PKTT_duan1_source\index.php(192): App\Route::dispatch()
#4 {main}
  thrown in E:\Dự án 1\PKTT_duan1_source\PKTT_duan1_source\App\Models\Product.php on line 286
[28-Nov-2024 23:02:22 Asia/Ho_Chi_Minh] PHP Fatal error:  Uncaught mysqli_sql_exception: Unknown column 'ps.discount_price' in 'field list' in E:\Dự án 1\PKTT_duan1_source\PKTT_duan1_source\App\Models\Product.php:286
Stack trace:
#0 E:\Dự án 1\PKTT_duan1_source\PKTT_duan1_source\App\Models\Product.php(286): mysqli->prepare()
#1 E:\Dự án 1\PKTT_duan1_source\PKTT_duan1_source\App\Controllers\Client\ProductController.php(65): App\Models\Product->getSkusProduct()
#2 E:\Dự án 1\PKTT_duan1_source\PKTT_duan1_source\App\Route.php(104): App\Controllers\Client\ProductController::detail()
#3 E:\Dự án 1\PKTT_duan1_source\PKTT_duan1_source\index.php(192): App\Route::dispatch()
#4 {main}
  thrown in E:\Dự án 1\PKTT_duan1_source\PKTT_duan1_source\App\Models\Product.php on line 286
[28-Nov-2024 23:53:37 Asia/Ho_Chi_Minh] PHP Warning:  Undefined array key "discount_price" in E:\Dự án 1\PKTT_duan1_source\PKTT_duan1_source\App\Views\Client\Pages\Product\Detail.php on line 131
[28-Nov-2024 23:53:37 Asia/Ho_Chi_Minh] PHP Warning:  Undefined array key "discount_price" in E:\Dự án 1\PKTT_duan1_source\PKTT_duan1_source\App\Views\Client\Pages\Product\Detail.php on line 131
[28-Nov-2024 23:54:02 Asia/Ho_Chi_Minh] PHP Fatal error:  Uncaught Error: Call to undefined method App\Models\Product::getSkusProduct() in E:\Dự án 1\PKTT_duan1_source\PKTT_duan1_source\App\Controllers\Client\ProductController.php:65
Stack trace:
#0 E:\Dự án 1\PKTT_duan1_source\PKTT_duan1_source\App\Route.php(104): App\Controllers\Client\ProductController::detail()
#1 E:\Dự án 1\PKTT_duan1_source\PKTT_duan1_source\index.php(192): App\Route::dispatch()
#2 {main}
  thrown in E:\Dự án 1\PKTT_duan1_source\PKTT_duan1_source\App\Controllers\Client\ProductController.php on line 65
[28-Nov-2024 23:54:03 Asia/Ho_Chi_Minh] PHP Fatal error:  Uncaught Error: Call to undefined method App\Models\Product::getSkusProduct() in E:\Dự án 1\PKTT_duan1_source\PKTT_duan1_source\App\Controllers\Client\ProductController.php:65
Stack trace:
#0 E:\Dự án 1\PKTT_duan1_source\PKTT_duan1_source\App\Route.php(104): App\Controllers\Client\ProductController::detail()
#1 E:\Dự án 1\PKTT_duan1_source\PKTT_duan1_source\index.php(192): App\Route::dispatch()
#2 {main}
  thrown in E:\Dự án 1\PKTT_duan1_source\PKTT_duan1_source\App\Controllers\Client\ProductController.php on line 65
[28-Nov-2024 23:54:28 Asia/Ho_Chi_Minh] PHP Warning:  Undefined array key "discount_price" in E:\Dự án 1\PKTT_duan1_source\PKTT_duan1_source\App\Views\Client\Pages\Product\Detail.php on line 131
[28-Nov-2024 23:54:28 Asia/Ho_Chi_Minh] PHP Warning:  Undefined array key "discount_price" in E:\Dự án 1\PKTT_duan1_source\PKTT_duan1_source\App\Views\Client\Pages\Product\Detail.php on line 131
[28-Nov-2024 23:56:18 Asia/Ho_Chi_Minh] PHP Warning:  Undefined array key "discount_price" in E:\Dự án 1\PKTT_duan1_source\PKTT_duan1_source\App\Views\Client\Pages\Product\Detail.php on line 131
[28-Nov-2024 23:56:18 Asia/Ho_Chi_Minh] PHP Warning:  Undefined array key "discount_price" in E:\Dự án 1\PKTT_duan1_source\PKTT_duan1_source\App\Views\Client\Pages\Product\Detail.php on line 131
[28-Nov-2024 23:58:32 Asia/Ho_Chi_Minh] PHP Warning:  Undefined array key "discount_price" in E:\Dự án 1\PKTT_duan1_source\PKTT_duan1_source\App\Views\Client\Pages\Product\Detail.php on line 131
[28-Nov-2024 23:58:32 Asia/Ho_Chi_Minh] PHP Warning:  Undefined array key "discount_price" in E:\Dự án 1\PKTT_duan1_source\PKTT_duan1_source\App\Views\Client\Pages\Product\Detail.php on line 131
[28-Nov-2024 23:59:17 Asia/Ho_Chi_Minh] PHP Warning:  Undefined array key "discount_price" in E:\Dự án 1\PKTT_duan1_source\PKTT_duan1_source\App\Views\Client\Pages\Product\Detail.php on line 131
[28-Nov-2024 23:59:17 Asia/Ho_Chi_Minh] PHP Warning:  Undefined array key "discount_price" in E:\Dự án 1\PKTT_duan1_source\PKTT_duan1_source\App\Views\Client\Pages\Product\Detail.php on line 131
[28-Nov-2024 23:59:17 Asia/Ho_Chi_Minh] PHP Warning:  Undefined array key "productskus" in E:\Dự án 1\PKTT_duan1_source\PKTT_duan1_source\App\Views\Client\Pages\Product\Detail.php on line 297
[29-Nov-2024 00:08:45 Asia/Ho_Chi_Minh] PHP Warning:  Undefined array key "main_image" in E:\Dự án 1\PKTT_duan1_source\PKTT_duan1_source\App\Views\Client\Pages\Product\Detail.php on line 89
[29-Nov-2024 00:09:30 Asia/Ho_Chi_Minh] PHP Warning:  Undefined array key "main_image" in E:\Dự án 1\PKTT_duan1_source\PKTT_duan1_source\App\Views\Client\Pages\Product\Detail.php on line 89
[29-Nov-2024 00:10:21 Asia/Ho_Chi_Minh] PHP Warning:  Undefined array key "main_image" in E:\Dự án 1\PKTT_duan1_source\PKTT_duan1_source\App\Views\Client\Pages\Product\Detail.php on line 89
[29-Nov-2024 00:10:36 Asia/Ho_Chi_Minh] PHP Warning:  Undefined array key "main_image" in E:\Dự án 1\PKTT_duan1_source\PKTT_duan1_source\App\Views\Client\Pages\Product\Detail.php on line 89
[29-Nov-2024 01:11:52 Asia/Ho_Chi_Minh] PHP Fatal error:  Uncaught Error: Call to undefined method App\Models\Product::getAllProductsWithDetails() in E:\Dự án 1\PKTT_duan1_source\PKTT_duan1_source\App\Controllers\Client\ProductController.php:62
Stack trace:
#0 E:\Dự án 1\PKTT_duan1_source\PKTT_duan1_source\App\Route.php(104): App\Controllers\Client\ProductController::detail()
#1 E:\Dự án 1\PKTT_duan1_source\PKTT_duan1_source\index.php(192): App\Route::dispatch()
#2 {main}
  thrown in E:\Dự án 1\PKTT_duan1_source\PKTT_duan1_source\App\Controllers\Client\ProductController.php on line 62
[29-Nov-2024 01:12:39 Asia/Ho_Chi_Minh] PHP Fatal error:  Uncaught Error: Call to undefined method App\Models\Product::getAllProductsWithDetails() in E:\Dự án 1\PKTT_duan1_source\PKTT_duan1_source\App\Controllers\Client\ProductController.php:62
Stack trace:
#0 E:\Dự án 1\PKTT_duan1_source\PKTT_duan1_source\App\Route.php(104): App\Controllers\Client\ProductController::detail()
#1 E:\Dự án 1\PKTT_duan1_source\PKTT_duan1_source\index.php(192): App\Route::dispatch()
#2 {main}
  thrown in E:\Dự án 1\PKTT_duan1_source\PKTT_duan1_source\App\Controllers\Client\ProductController.php on line 62
[29-Nov-2024 01:13:17 Asia/Ho_Chi_Minh] PHP Warning:  Undefined array key "main_image" in E:\Dự án 1\PKTT_duan1_source\PKTT_duan1_source\App\Views\Client\Pages\Product\Detail.php on line 126
[29-Nov-2024 01:13:17 Asia/Ho_Chi_Minh] PHP Warning:  Undefined array key "main_image" in E:\Dự án 1\PKTT_duan1_source\PKTT_duan1_source\App\Views\Client\Pages\Product\Detail.php on line 126
[29-Nov-2024 01:13:17 Asia/Ho_Chi_Minh] PHP Warning:  Undefined array key "main_image" in E:\Dự án 1\PKTT_duan1_source\PKTT_duan1_source\App\Views\Client\Pages\Product\Detail.php on line 126
[29-Nov-2024 01:13:17 Asia/Ho_Chi_Minh] PHP Warning:  Undefined array key "main_image" in E:\Dự án 1\PKTT_duan1_source\PKTT_duan1_source\App\Views\Client\Pages\Product\Detail.php on line 126
[29-Nov-2024 01:13:17 Asia/Ho_Chi_Minh] PHP Warning:  Undefined array key "main_image" in E:\Dự án 1\PKTT_duan1_source\PKTT_duan1_source\App\Views\Client\Pages\Product\Detail.php on line 126
[29-Nov-2024 01:13:17 Asia/Ho_Chi_Minh] PHP Warning:  Undefined array key "main_image" in E:\Dự án 1\PKTT_duan1_source\PKTT_duan1_source\App\Views\Client\Pages\Product\Detail.php on line 126
[29-Nov-2024 01:13:17 Asia/Ho_Chi_Minh] PHP Warning:  Undefined array key "main_image" in E:\Dự án 1\PKTT_duan1_source\PKTT_duan1_source\App\Views\Client\Pages\Product\Detail.php on line 126
[29-Nov-2024 01:13:17 Asia/Ho_Chi_Minh] PHP Warning:  Undefined array key "main_image" in E:\Dự án 1\PKTT_duan1_source\PKTT_duan1_source\App\Views\Client\Pages\Product\Detail.php on line 126
[29-Nov-2024 01:13:17 Asia/Ho_Chi_Minh] PHP Warning:  Undefined array key "main_image" in E:\Dự án 1\PKTT_duan1_source\PKTT_duan1_source\App\Views\Client\Pages\Product\Detail.php on line 126
[29-Nov-2024 01:13:17 Asia/Ho_Chi_Minh] PHP Warning:  Undefined array key "main_image" in E:\Dự án 1\PKTT_duan1_source\PKTT_duan1_source\App\Views\Client\Pages\Product\Detail.php on line 126
[29-Nov-2024 01:14:09 Asia/Ho_Chi_Minh] PHP Warning:  Undefined array key "main_image" in E:\Dự án 1\PKTT_duan1_source\PKTT_duan1_source\App\Views\Client\Pages\Product\Detail.php on line 126
[29-Nov-2024 01:14:09 Asia/Ho_Chi_Minh] PHP Warning:  Undefined array key "main_image" in E:\Dự án 1\PKTT_duan1_source\PKTT_duan1_source\App\Views\Client\Pages\Product\Detail.php on line 126
[29-Nov-2024 01:14:09 Asia/Ho_Chi_Minh] PHP Warning:  Undefined array key "main_image" in E:\Dự án 1\PKTT_duan1_source\PKTT_duan1_source\App\Views\Client\Pages\Product\Detail.php on line 126
[29-Nov-2024 01:14:09 Asia/Ho_Chi_Minh] PHP Warning:  Undefined array key "main_image" in E:\Dự án 1\PKTT_duan1_source\PKTT_duan1_source\App\Views\Client\Pages\Product\Detail.php on line 126
[29-Nov-2024 01:14:09 Asia/Ho_Chi_Minh] PHP Warning:  Undefined array key "main_image" in E:\Dự án 1\PKTT_duan1_source\PKTT_duan1_source\App\Views\Client\Pages\Product\Detail.php on line 126
[29-Nov-2024 01:14:09 Asia/Ho_Chi_Minh] PHP Warning:  Undefined array key "main_image" in E:\Dự án 1\PKTT_duan1_source\PKTT_duan1_source\App\Views\Client\Pages\Product\Detail.php on line 126
[29-Nov-2024 01:14:09 Asia/Ho_Chi_Minh] PHP Warning:  Undefined array key "main_image" in E:\Dự án 1\PKTT_duan1_source\PKTT_duan1_source\App\Views\Client\Pages\Product\Detail.php on line 126
[29-Nov-2024 01:14:09 Asia/Ho_Chi_Minh] PHP Warning:  Undefined array key "main_image" in E:\Dự án 1\PKTT_duan1_source\PKTT_duan1_source\App\Views\Client\Pages\Product\Detail.php on line 126
[29-Nov-2024 01:14:09 Asia/Ho_Chi_Minh] PHP Warning:  Undefined array key "main_image" in E:\Dự án 1\PKTT_duan1_source\PKTT_duan1_source\App\Views\Client\Pages\Product\Detail.php on line 126
[29-Nov-2024 01:14:09 Asia/Ho_Chi_Minh] PHP Warning:  Undefined array key "main_image" in E:\Dự án 1\PKTT_duan1_source\PKTT_duan1_source\App\Views\Client\Pages\Product\Detail.php on line 126
[29-Nov-2024 01:15:37 Asia/Ho_Chi_Minh] PHP Fatal error:  Uncaught mysqli_sql_exception: Table 'pktt_duan1.main_image' doesn't exist in E:\Dự án 1\PKTT_duan1_source\PKTT_duan1_source\App\Models\Product.php:265
Stack trace:
#0 E:\Dự án 1\PKTT_duan1_source\PKTT_duan1_source\App\Models\Product.php(265): mysqli->prepare()
#1 E:\Dự án 1\PKTT_duan1_source\PKTT_duan1_source\App\Controllers\Client\ProductController.php(62): App\Models\Product->getAllProductsWithDetails()
#2 E:\Dự án 1\PKTT_duan1_source\PKTT_duan1_source\App\Route.php(104): App\Controllers\Client\ProductController::detail()
#3 E:\Dự án 1\PKTT_duan1_source\PKTT_duan1_source\index.php(192): App\Route::dispatch()
#4 {main}
  thrown in E:\Dự án 1\PKTT_duan1_source\PKTT_duan1_source\App\Models\Product.php on line 265
[29-Nov-2024 01:15:39 Asia/Ho_Chi_Minh] PHP Fatal error:  Uncaught mysqli_sql_exception: Table 'pktt_duan1.main_image' doesn't exist in E:\Dự án 1\PKTT_duan1_source\PKTT_duan1_source\App\Models\Product.php:265
Stack trace:
#0 E:\Dự án 1\PKTT_duan1_source\PKTT_duan1_source\App\Models\Product.php(265): mysqli->prepare()
#1 E:\Dự án 1\PKTT_duan1_source\PKTT_duan1_source\App\Controllers\Client\ProductController.php(62): App\Models\Product->getAllProductsWithDetails()
#2 E:\Dự án 1\PKTT_duan1_source\PKTT_duan1_source\App\Route.php(104): App\Controllers\Client\ProductController::detail()
#3 E:\Dự án 1\PKTT_duan1_source\PKTT_duan1_source\index.php(192): App\Route::dispatch()
#4 {main}
  thrown in E:\Dự án 1\PKTT_duan1_source\PKTT_duan1_source\App\Models\Product.php on line 265
[29-Nov-2024 23:56:45 Asia/Ho_Chi_Minh] PHP Warning:  Undefined array key "email" in E:\Dự án 1\PKTT_duan1_source\PKTT_duan1_source\App\Controllers\Admin\AuthController.php on line 53
[01-Dec-2024 17:23:19 Asia/Ho_Chi_Minh] PHP Warning:  Undefined array key "option_color" in E:\Dự án 1\PKTT_duan1_source\PKTT_duan1_source\App\Views\Client\Pages\Product\Detail.php on line 129
[01-Dec-2024 17:23:19 Asia/Ho_Chi_Minh] PHP Warning:  Undefined array key "option_color" in E:\Dự án 1\PKTT_duan1_source\PKTT_duan1_source\App\Views\Client\Pages\Product\Detail.php on line 129
[01-Dec-2024 17:23:19 Asia/Ho_Chi_Minh] PHP Warning:  Undefined array key "option_color" in E:\Dự án 1\PKTT_duan1_source\PKTT_duan1_source\App\Views\Client\Pages\Product\Detail.php on line 129
[01-Dec-2024 17:23:19 Asia/Ho_Chi_Minh] PHP Warning:  Undefined array key "option_color" in E:\Dự án 1\PKTT_duan1_source\PKTT_duan1_source\App\Views\Client\Pages\Product\Detail.php on line 129
[01-Dec-2024 17:23:19 Asia/Ho_Chi_Minh] PHP Warning:  Undefined array key "option_color" in E:\Dự án 1\PKTT_duan1_source\PKTT_duan1_source\App\Views\Client\Pages\Product\Detail.php on line 129
[01-Dec-2024 17:23:19 Asia/Ho_Chi_Minh] PHP Warning:  Undefined array key "option_color" in E:\Dự án 1\PKTT_duan1_source\PKTT_duan1_source\App\Views\Client\Pages\Product\Detail.php on line 129
[01-Dec-2024 17:23:32 Asia/Ho_Chi_Minh] PHP Warning:  Undefined array key "option_color" in E:\Dự án 1\PKTT_duan1_source\PKTT_duan1_source\App\Views\Client\Pages\Product\Detail.php on line 128
[01-Dec-2024 17:23:32 Asia/Ho_Chi_Minh] PHP Warning:  Undefined array key "option_color" in E:\Dự án 1\PKTT_duan1_source\PKTT_duan1_source\App\Views\Client\Pages\Product\Detail.php on line 129
[01-Dec-2024 17:23:32 Asia/Ho_Chi_Minh] PHP Warning:  Undefined array key "option_color" in E:\Dự án 1\PKTT_duan1_source\PKTT_duan1_source\App\Views\Client\Pages\Product\Detail.php on line 128
[01-Dec-2024 17:23:32 Asia/Ho_Chi_Minh] PHP Warning:  Undefined array key "option_color" in E:\Dự án 1\PKTT_duan1_source\PKTT_duan1_source\App\Views\Client\Pages\Product\Detail.php on line 129
[01-Dec-2024 17:23:32 Asia/Ho_Chi_Minh] PHP Warning:  Undefined array key "option_color" in E:\Dự án 1\PKTT_duan1_source\PKTT_duan1_source\App\Views\Client\Pages\Product\Detail.php on line 128
[01-Dec-2024 17:23:32 Asia/Ho_Chi_Minh] PHP Warning:  Undefined array key "option_color" in E:\Dự án 1\PKTT_duan1_source\PKTT_duan1_source\App\Views\Client\Pages\Product\Detail.php on line 129
[01-Dec-2024 17:23:32 Asia/Ho_Chi_Minh] PHP Warning:  Undefined array key "option_color" in E:\Dự án 1\PKTT_duan1_source\PKTT_duan1_source\App\Views\Client\Pages\Product\Detail.php on line 128
[01-Dec-2024 17:23:32 Asia/Ho_Chi_Minh] PHP Warning:  Undefined array key "option_color" in E:\Dự án 1\PKTT_duan1_source\PKTT_duan1_source\App\Views\Client\Pages\Product\Detail.php on line 129
[01-Dec-2024 17:23:32 Asia/Ho_Chi_Minh] PHP Warning:  Undefined array key "option_color" in E:\Dự án 1\PKTT_duan1_source\PKTT_duan1_source\App\Views\Client\Pages\Product\Detail.php on line 128
[01-Dec-2024 17:23:32 Asia/Ho_Chi_Minh] PHP Warning:  Undefined array key "option_color" in E:\Dự án 1\PKTT_duan1_source\PKTT_duan1_source\App\Views\Client\Pages\Product\Detail.php on line 129
[01-Dec-2024 17:23:32 Asia/Ho_Chi_Minh] PHP Warning:  Undefined array key "option_color" in E:\Dự án 1\PKTT_duan1_source\PKTT_duan1_source\App\Views\Client\Pages\Product\Detail.php on line 128
[01-Dec-2024 17:23:32 Asia/Ho_Chi_Minh] PHP Warning:  Undefined array key "option_color" in E:\Dự án 1\PKTT_duan1_source\PKTT_duan1_source\App\Views\Client\Pages\Product\Detail.php on line 129
[01-Dec-2024 17:35:48 Asia/Ho_Chi_Minh] PHP Warning:  Undefined array key "color_value" in E:\Dự án 1\PKTT_duan1_source\PKTT_duan1_source\App\Views\Client\Pages\Product\Detail.php on line 129
[01-Dec-2024 17:35:48 Asia/Ho_Chi_Minh] PHP Warning:  Undefined array key "color_value" in E:\Dự án 1\PKTT_duan1_source\PKTT_duan1_source\App\Views\Client\Pages\Product\Detail.php on line 129
[01-Dec-2024 17:35:48 Asia/Ho_Chi_Minh] PHP Warning:  Undefined array key "color_value" in E:\Dự án 1\PKTT_duan1_source\PKTT_duan1_source\App\Views\Client\Pages\Product\Detail.php on line 129
[01-Dec-2024 17:35:48 Asia/Ho_Chi_Minh] PHP Warning:  Undefined array key "color_value" in E:\Dự án 1\PKTT_duan1_source\PKTT_duan1_source\App\Views\Client\Pages\Product\Detail.php on line 129
[01-Dec-2024 17:35:48 Asia/Ho_Chi_Minh] PHP Warning:  Undefined array key "color_value" in E:\Dự án 1\PKTT_duan1_source\PKTT_duan1_source\App\Views\Client\Pages\Product\Detail.php on line 129
[01-Dec-2024 17:35:48 Asia/Ho_Chi_Minh] PHP Warning:  Undefined array key "color_value" in E:\Dự án 1\PKTT_duan1_source\PKTT_duan1_source\App\Views\Client\Pages\Product\Detail.php on line 129
[01-Dec-2024 17:36:06 Asia/Ho_Chi_Minh] PHP Warning:  Undefined array key "option_color" in E:\Dự án 1\PKTT_duan1_source\PKTT_duan1_source\App\Views\Client\Pages\Product\Detail.php on line 129
[01-Dec-2024 17:36:06 Asia/Ho_Chi_Minh] PHP Warning:  Undefined array key "option_color" in E:\Dự án 1\PKTT_duan1_source\PKTT_duan1_source\App\Views\Client\Pages\Product\Detail.php on line 129
[01-Dec-2024 17:36:06 Asia/Ho_Chi_Minh] PHP Warning:  Undefined array key "option_color" in E:\Dự án 1\PKTT_duan1_source\PKTT_duan1_source\App\Views\Client\Pages\Product\Detail.php on line 129
[01-Dec-2024 17:36:06 Asia/Ho_Chi_Minh] PHP Warning:  Undefined array key "option_color" in E:\Dự án 1\PKTT_duan1_source\PKTT_duan1_source\App\Views\Client\Pages\Product\Detail.php on line 129
[01-Dec-2024 17:36:06 Asia/Ho_Chi_Minh] PHP Warning:  Undefined array key "option_color" in E:\Dự án 1\PKTT_duan1_source\PKTT_duan1_source\App\Views\Client\Pages\Product\Detail.php on line 129
[01-Dec-2024 17:36:06 Asia/Ho_Chi_Minh] PHP Warning:  Undefined array key "option_color" in E:\Dự án 1\PKTT_duan1_source\PKTT_duan1_source\App\Views\Client\Pages\Product\Detail.php on line 129
[01-Dec-2024 17:38:25 Asia/Ho_Chi_Minh] PHP Warning:  Undefined array key "option_color" in E:\Dự án 1\PKTT_duan1_source\PKTT_duan1_source\App\Views\Client\Pages\Product\Detail.php on line 143
[01-Dec-2024 17:38:25 Asia/Ho_Chi_Minh] PHP Warning:  Undefined array key "option_color" in E:\Dự án 1\PKTT_duan1_source\PKTT_duan1_source\App\Views\Client\Pages\Product\Detail.php on line 143
[01-Dec-2024 17:38:25 Asia/Ho_Chi_Minh] PHP Warning:  Undefined array key "option_color" in E:\Dự án 1\PKTT_duan1_source\PKTT_duan1_source\App\Views\Client\Pages\Product\Detail.php on line 143
[01-Dec-2024 17:38:25 Asia/Ho_Chi_Minh] PHP Warning:  Undefined array key "option_color" in E:\Dự án 1\PKTT_duan1_source\PKTT_duan1_source\App\Views\Client\Pages\Product\Detail.php on line 143
[01-Dec-2024 17:38:25 Asia/Ho_Chi_Minh] PHP Warning:  Undefined array key "option_color" in E:\Dự án 1\PKTT_duan1_source\PKTT_duan1_source\App\Views\Client\Pages\Product\Detail.php on line 143
[01-Dec-2024 17:38:25 Asia/Ho_Chi_Minh] PHP Warning:  Undefined array key "option_color" in E:\Dự án 1\PKTT_duan1_source\PKTT_duan1_source\App\Views\Client\Pages\Product\Detail.php on line 143
[01-Dec-2024 17:55:14 Asia/Ho_Chi_Minh] PHP Warning:  Undefined array key "quantity" in E:\Dự án 1\PKTT_duan1_source\PKTT_duan1_source\App\Views\Client\Pages\Product\Detail.php on line 166
[01-Dec-2024 22:03:49 Asia/Ho_Chi_Minh] PHP Warning:  Undefined array key "option_values" in E:\Dự án 1\PKTT_duan1_source\PKTT_duan1_source\App\Views\Client\Pages\Product\Detail.php on line 132
[01-Dec-2024 22:03:49 Asia/Ho_Chi_Minh] PHP Warning:  foreach() argument must be of type array|object, null given in E:\Dự án 1\PKTT_duan1_source\PKTT_duan1_source\App\Views\Client\Pages\Product\Detail.php on line 132
[01-Dec-2024 22:03:49 Asia/Ho_Chi_Minh] PHP Warning:  Undefined array key "option_values" in E:\Dự án 1\PKTT_duan1_source\PKTT_duan1_source\App\Views\Client\Pages\Product\Detail.php on line 132
[01-Dec-2024 22:03:49 Asia/Ho_Chi_Minh] PHP Warning:  foreach() argument must be of type array|object, null given in E:\Dự án 1\PKTT_duan1_source\PKTT_duan1_source\App\Views\Client\Pages\Product\Detail.php on line 132
[01-Dec-2024 22:03:49 Asia/Ho_Chi_Minh] PHP Warning:  Undefined array key "option_values" in E:\Dự án 1\PKTT_duan1_source\PKTT_duan1_source\App\Views\Client\Pages\Product\Detail.php on line 132
[01-Dec-2024 22:03:49 Asia/Ho_Chi_Minh] PHP Warning:  foreach() argument must be of type array|object, null given in E:\Dự án 1\PKTT_duan1_source\PKTT_duan1_source\App\Views\Client\Pages\Product\Detail.php on line 132
[01-Dec-2024 22:03:49 Asia/Ho_Chi_Minh] PHP Warning:  Undefined array key "option_values" in E:\Dự án 1\PKTT_duan1_source\PKTT_duan1_source\App\Views\Client\Pages\Product\Detail.php on line 132
[01-Dec-2024 22:03:49 Asia/Ho_Chi_Minh] PHP Warning:  foreach() argument must be of type array|object, null given in E:\Dự án 1\PKTT_duan1_source\PKTT_duan1_source\App\Views\Client\Pages\Product\Detail.php on line 132
[01-Dec-2024 22:03:49 Asia/Ho_Chi_Minh] PHP Warning:  Undefined array key "option_values" in E:\Dự án 1\PKTT_duan1_source\PKTT_duan1_source\App\Views\Client\Pages\Product\Detail.php on line 132
[01-Dec-2024 22:03:49 Asia/Ho_Chi_Minh] PHP Warning:  foreach() argument must be of type array|object, null given in E:\Dự án 1\PKTT_duan1_source\PKTT_duan1_source\App\Views\Client\Pages\Product\Detail.php on line 132
[01-Dec-2024 22:03:49 Asia/Ho_Chi_Minh] PHP Warning:  Undefined array key "option_values" in E:\Dự án 1\PKTT_duan1_source\PKTT_duan1_source\App\Views\Client\Pages\Product\Detail.php on line 132
[01-Dec-2024 22:03:49 Asia/Ho_Chi_Minh] PHP Warning:  foreach() argument must be of type array|object, null given in E:\Dự án 1\PKTT_duan1_source\PKTT_duan1_source\App\Views\Client\Pages\Product\Detail.php on line 132
[01-Dec-2024 22:03:49 Asia/Ho_Chi_Minh] PHP Warning:  Undefined array key "option_values" in E:\Dự án 1\PKTT_duan1_source\PKTT_duan1_source\App\Views\Client\Pages\Product\Detail.php on line 132
[01-Dec-2024 22:03:49 Asia/Ho_Chi_Minh] PHP Warning:  foreach() argument must be of type array|object, null given in E:\Dự án 1\PKTT_duan1_source\PKTT_duan1_source\App\Views\Client\Pages\Product\Detail.php on line 132
[01-Dec-2024 22:03:49 Asia/Ho_Chi_Minh] PHP Warning:  Undefined array key "option_values" in E:\Dự án 1\PKTT_duan1_source\PKTT_duan1_source\App\Views\Client\Pages\Product\Detail.php on line 132
[01-Dec-2024 22:03:49 Asia/Ho_Chi_Minh] PHP Warning:  foreach() argument must be of type array|object, null given in E:\Dự án 1\PKTT_duan1_source\PKTT_duan1_source\App\Views\Client\Pages\Product\Detail.php on line 132
[01-Dec-2024 22:04:50 Asia/Ho_Chi_Minh] PHP Warning:  Undefined array key "option_values" in E:\Dự án 1\PKTT_duan1_source\PKTT_duan1_source\App\Views\Client\Pages\Product\Detail.php on line 132
[01-Dec-2024 22:04:50 Asia/Ho_Chi_Minh] PHP Warning:  foreach() argument must be of type array|object, null given in E:\Dự án 1\PKTT_duan1_source\PKTT_duan1_source\App\Views\Client\Pages\Product\Detail.php on line 132
[01-Dec-2024 22:04:50 Asia/Ho_Chi_Minh] PHP Warning:  Undefined array key "option_values" in E:\Dự án 1\PKTT_duan1_source\PKTT_duan1_source\App\Views\Client\Pages\Product\Detail.php on line 132
[01-Dec-2024 22:04:50 Asia/Ho_Chi_Minh] PHP Warning:  foreach() argument must be of type array|object, null given in E:\Dự án 1\PKTT_duan1_source\PKTT_duan1_source\App\Views\Client\Pages\Product\Detail.php on line 132
[01-Dec-2024 22:04:50 Asia/Ho_Chi_Minh] PHP Warning:  Undefined array key "option_values" in E:\Dự án 1\PKTT_duan1_source\PKTT_duan1_source\App\Views\Client\Pages\Product\Detail.php on line 132
[01-Dec-2024 22:04:50 Asia/Ho_Chi_Minh] PHP Warning:  foreach() argument must be of type array|object, null given in E:\Dự án 1\PKTT_duan1_source\PKTT_duan1_source\App\Views\Client\Pages\Product\Detail.php on line 132
[01-Dec-2024 22:04:50 Asia/Ho_Chi_Minh] PHP Warning:  Undefined array key "option_values" in E:\Dự án 1\PKTT_duan1_source\PKTT_duan1_source\App\Views\Client\Pages\Product\Detail.php on line 132
[01-Dec-2024 22:04:50 Asia/Ho_Chi_Minh] PHP Warning:  foreach() argument must be of type array|object, null given in E:\Dự án 1\PKTT_duan1_source\PKTT_duan1_source\App\Views\Client\Pages\Product\Detail.php on line 132
[01-Dec-2024 22:04:50 Asia/Ho_Chi_Minh] PHP Warning:  Undefined array key "option_values" in E:\Dự án 1\PKTT_duan1_source\PKTT_duan1_source\App\Views\Client\Pages\Product\Detail.php on line 132
[01-Dec-2024 22:04:50 Asia/Ho_Chi_Minh] PHP Warning:  foreach() argument must be of type array|object, null given in E:\Dự án 1\PKTT_duan1_source\PKTT_duan1_source\App\Views\Client\Pages\Product\Detail.php on line 132
[01-Dec-2024 22:04:50 Asia/Ho_Chi_Minh] PHP Warning:  Undefined array key "option_values" in E:\Dự án 1\PKTT_duan1_source\PKTT_duan1_source\App\Views\Client\Pages\Product\Detail.php on line 132
[01-Dec-2024 22:04:50 Asia/Ho_Chi_Minh] PHP Warning:  foreach() argument must be of type array|object, null given in E:\Dự án 1\PKTT_duan1_source\PKTT_duan1_source\App\Views\Client\Pages\Product\Detail.php on line 132
[01-Dec-2024 22:04:50 Asia/Ho_Chi_Minh] PHP Warning:  Undefined array key "option_values" in E:\Dự án 1\PKTT_duan1_source\PKTT_duan1_source\App\Views\Client\Pages\Product\Detail.php on line 132
[01-Dec-2024 22:04:50 Asia/Ho_Chi_Minh] PHP Warning:  foreach() argument must be of type array|object, null given in E:\Dự án 1\PKTT_duan1_source\PKTT_duan1_source\App\Views\Client\Pages\Product\Detail.php on line 132
[01-Dec-2024 22:04:50 Asia/Ho_Chi_Minh] PHP Warning:  Undefined array key "option_values" in E:\Dự án 1\PKTT_duan1_source\PKTT_duan1_source\App\Views\Client\Pages\Product\Detail.php on line 132
[01-Dec-2024 22:04:50 Asia/Ho_Chi_Minh] PHP Warning:  foreach() argument must be of type array|object, null given in E:\Dự án 1\PKTT_duan1_source\PKTT_duan1_source\App\Views\Client\Pages\Product\Detail.php on line 132
[01-Dec-2024 22:05:23 Asia/Ho_Chi_Minh] PHP Warning:  Undefined array key "option_values" in E:\Dự án 1\PKTT_duan1_source\PKTT_duan1_source\App\Views\Client\Pages\Product\Detail.php on line 132
[01-Dec-2024 22:05:23 Asia/Ho_Chi_Minh] PHP Warning:  foreach() argument must be of type array|object, null given in E:\Dự án 1\PKTT_duan1_source\PKTT_duan1_source\App\Views\Client\Pages\Product\Detail.php on line 132
[01-Dec-2024 22:05:23 Asia/Ho_Chi_Minh] PHP Warning:  Undefined array key "option_values" in E:\Dự án 1\PKTT_duan1_source\PKTT_duan1_source\App\Views\Client\Pages\Product\Detail.php on line 132
[01-Dec-2024 22:05:23 Asia/Ho_Chi_Minh] PHP Warning:  foreach() argument must be of type array|object, null given in E:\Dự án 1\PKTT_duan1_source\PKTT_duan1_source\App\Views\Client\Pages\Product\Detail.php on line 132
[01-Dec-2024 22:05:23 Asia/Ho_Chi_Minh] PHP Warning:  Undefined array key "option_values" in E:\Dự án 1\PKTT_duan1_source\PKTT_duan1_source\App\Views\Client\Pages\Product\Detail.php on line 132
[01-Dec-2024 22:05:23 Asia/Ho_Chi_Minh] PHP Warning:  foreach() argument must be of type array|object, null given in E:\Dự án 1\PKTT_duan1_source\PKTT_duan1_source\App\Views\Client\Pages\Product\Detail.php on line 132
[01-Dec-2024 22:05:23 Asia/Ho_Chi_Minh] PHP Warning:  Undefined array key "option_values" in E:\Dự án 1\PKTT_duan1_source\PKTT_duan1_source\App\Views\Client\Pages\Product\Detail.php on line 132
[01-Dec-2024 22:05:23 Asia/Ho_Chi_Minh] PHP Warning:  foreach() argument must be of type array|object, null given in E:\Dự án 1\PKTT_duan1_source\PKTT_duan1_source\App\Views\Client\Pages\Product\Detail.php on line 132
[01-Dec-2024 22:05:23 Asia/Ho_Chi_Minh] PHP Warning:  Undefined array key "option_values" in E:\Dự án 1\PKTT_duan1_source\PKTT_duan1_source\App\Views\Client\Pages\Product\Detail.php on line 132
[01-Dec-2024 22:05:23 Asia/Ho_Chi_Minh] PHP Warning:  foreach() argument must be of type array|object, null given in E:\Dự án 1\PKTT_duan1_source\PKTT_duan1_source\App\Views\Client\Pages\Product\Detail.php on line 132
[01-Dec-2024 22:05:23 Asia/Ho_Chi_Minh] PHP Warning:  Undefined array key "option_values" in E:\Dự án 1\PKTT_duan1_source\PKTT_duan1_source\App\Views\Client\Pages\Product\Detail.php on line 132
[01-Dec-2024 22:05:23 Asia/Ho_Chi_Minh] PHP Warning:  foreach() argument must be of type array|object, null given in E:\Dự án 1\PKTT_duan1_source\PKTT_duan1_source\App\Views\Client\Pages\Product\Detail.php on line 132
[01-Dec-2024 22:05:23 Asia/Ho_Chi_Minh] PHP Warning:  Undefined array key "option_values" in E:\Dự án 1\PKTT_duan1_source\PKTT_duan1_source\App\Views\Client\Pages\Product\Detail.php on line 132
[01-Dec-2024 22:05:23 Asia/Ho_Chi_Minh] PHP Warning:  foreach() argument must be of type array|object, null given in E:\Dự án 1\PKTT_duan1_source\PKTT_duan1_source\App\Views\Client\Pages\Product\Detail.php on line 132
[01-Dec-2024 22:05:23 Asia/Ho_Chi_Minh] PHP Warning:  Undefined array key "option_values" in E:\Dự án 1\PKTT_duan1_source\PKTT_duan1_source\App\Views\Client\Pages\Product\Detail.php on line 132
[01-Dec-2024 22:05:23 Asia/Ho_Chi_Minh] PHP Warning:  foreach() argument must be of type array|object, null given in E:\Dự án 1\PKTT_duan1_source\PKTT_duan1_source\App\Views\Client\Pages\Product\Detail.php on line 132
[02-Dec-2024 16:03:40 Asia/Ho_Chi_Minh] PHP Fatal error:  Uncaught mysqli_sql_exception: No connection could be made because the target machine actively refused it in E:\Dự án 1\PKTT_duan1_source\PKTT_duan1_source\App\Models\Database.php:53
Stack trace:
#0 E:\Dự án 1\PKTT_duan1_source\PKTT_duan1_source\App\Models\Database.php(53): mysqli->__construct()
#1 E:\Dự án 1\PKTT_duan1_source\PKTT_duan1_source\App\Models\BaseModel.php(132): App\Models\Database->MySQLi()
#2 E:\Dự án 1\PKTT_duan1_source\PKTT_duan1_source\App\Models\Category.php(34): App\Models\BaseModel->getAllByStatus()
#3 E:\Dự án 1\PKTT_duan1_source\PKTT_duan1_source\App\Controllers\Client\HomeController.php(19): App\Models\Category->getAllCategoryByStatus()
#4 E:\Dự án 1\PKTT_duan1_source\PKTT_duan1_source\App\Route.php(82): App\Controllers\Client\HomeController::index()
#5 E:\Dự án 1\PKTT_duan1_source\PKTT_duan1_source\index.php(192): App\Route::dispatch()
#6 {main}
  thrown in E:\Dự án 1\PKTT_duan1_source\PKTT_duan1_source\App\Models\Database.php on line 53
[03-Dec-2024 16:18:22 Asia/Ho_Chi_Minh] PHP Fatal error:  Uncaught mysqli_sql_exception: No connection could be made because the target machine actively refused it in E:\Dự án 1\PKTT_duan1_source\PKTT_duan1_source\App\Models\Database.php:53
Stack trace:
#0 E:\Dự án 1\PKTT_duan1_source\PKTT_duan1_source\App\Models\Database.php(53): mysqli->__construct()
#1 E:\Dự án 1\PKTT_duan1_source\PKTT_duan1_source\App\Models\BaseModel.php(132): App\Models\Database->MySQLi()
#2 E:\Dự án 1\PKTT_duan1_source\PKTT_duan1_source\App\Models\Category.php(34): App\Models\BaseModel->getAllByStatus()
#3 E:\Dự án 1\PKTT_duan1_source\PKTT_duan1_source\App\Controllers\Client\HomeController.php(19): App\Models\Category->getAllCategoryByStatus()
#4 E:\Dự án 1\PKTT_duan1_source\PKTT_duan1_source\App\Route.php(82): App\Controllers\Client\HomeController::index()
#5 E:\Dự án 1\PKTT_duan1_source\PKTT_duan1_source\index.php(192): App\Route::dispatch()
#6 {main}
  thrown in E:\Dự án 1\PKTT_duan1_source\PKTT_duan1_source\App\Models\Database.php on line 53
[03-Dec-2024 16:45:09 Asia/Ho_Chi_Minh] PHP Fatal error:  Uncaught TypeError: Cannot access offset of type string on string in E:\Dự án 1\PKTT_duan1_source\PKTT_duan1_source\App\Views\Client\Pages\Product\Detail.php:131
Stack trace:
#0 E:\Dự án 1\PKTT_duan1_source\PKTT_duan1_source\App\Controllers\Client\ProductController.php(95): App\Views\Client\Pages\Product\Detail::render()
#1 E:\Dự án 1\PKTT_duan1_source\PKTT_duan1_source\App\Route.php(104): App\Controllers\Client\ProductController::detail()
#2 E:\Dự án 1\PKTT_duan1_source\PKTT_duan1_source\index.php(192): App\Route::dispatch()
#3 {main}
  thrown in E:\Dự án 1\PKTT_duan1_source\PKTT_duan1_source\App\Views\Client\Pages\Product\Detail.php on line 131
[03-Dec-2024 16:45:16 Asia/Ho_Chi_Minh] PHP Fatal error:  Uncaught TypeError: Cannot access offset of type string on string in E:\Dự án 1\PKTT_duan1_source\PKTT_duan1_source\App\Views\Client\Pages\Product\Detail.php:131
Stack trace:
#0 E:\Dự án 1\PKTT_duan1_source\PKTT_duan1_source\App\Controllers\Client\ProductController.php(95): App\Views\Client\Pages\Product\Detail::render()
#1 E:\Dự án 1\PKTT_duan1_source\PKTT_duan1_source\App\Route.php(104): App\Controllers\Client\ProductController::detail()
#2 E:\Dự án 1\PKTT_duan1_source\PKTT_duan1_source\index.php(192): App\Route::dispatch()
#3 {main}
  thrown in E:\Dự án 1\PKTT_duan1_source\PKTT_duan1_source\App\Views\Client\Pages\Product\Detail.php on line 131
[03-Dec-2024 16:45:39 Asia/Ho_Chi_Minh] PHP Fatal error:  Uncaught TypeError: Cannot access offset of type string on string in E:\Dự án 1\PKTT_duan1_source\PKTT_duan1_source\App\Views\Client\Pages\Product\Detail.php:131
Stack trace:
#0 E:\Dự án 1\PKTT_duan1_source\PKTT_duan1_source\App\Controllers\Client\ProductController.php(95): App\Views\Client\Pages\Product\Detail::render()
#1 E:\Dự án 1\PKTT_duan1_source\PKTT_duan1_source\App\Route.php(104): App\Controllers\Client\ProductController::detail()
#2 E:\Dự án 1\PKTT_duan1_source\PKTT_duan1_source\index.php(192): App\Route::dispatch()
#3 {main}
  thrown in E:\Dự án 1\PKTT_duan1_source\PKTT_duan1_source\App\Views\Client\Pages\Product\Detail.php on line 131
[03-Dec-2024 16:46:37 Asia/Ho_Chi_Minh] PHP Fatal error:  Uncaught TypeError: Cannot access offset of type string on string in E:\Dự án 1\PKTT_duan1_source\PKTT_duan1_source\App\Views\Client\Pages\Product\Detail.php:131
Stack trace:
#0 E:\Dự án 1\PKTT_duan1_source\PKTT_duan1_source\App\Controllers\Client\ProductController.php(95): App\Views\Client\Pages\Product\Detail::render()
#1 E:\Dự án 1\PKTT_duan1_source\PKTT_duan1_source\App\Route.php(104): App\Controllers\Client\ProductController::detail()
#2 E:\Dự án 1\PKTT_duan1_source\PKTT_duan1_source\index.php(192): App\Route::dispatch()
#3 {main}
  thrown in E:\Dự án 1\PKTT_duan1_source\PKTT_duan1_source\App\Views\Client\Pages\Product\Detail.php on line 131
[03-Dec-2024 16:46:37 Asia/Ho_Chi_Minh] PHP Fatal error:  Uncaught TypeError: Cannot access offset of type string on string in E:\Dự án 1\PKTT_duan1_source\PKTT_duan1_source\App\Views\Client\Pages\Product\Detail.php:131
Stack trace:
#0 E:\Dự án 1\PKTT_duan1_source\PKTT_duan1_source\App\Controllers\Client\ProductController.php(95): App\Views\Client\Pages\Product\Detail::render()
#1 E:\Dự án 1\PKTT_duan1_source\PKTT_duan1_source\App\Route.php(104): App\Controllers\Client\ProductController::detail()
#2 E:\Dự án 1\PKTT_duan1_source\PKTT_duan1_source\index.php(192): App\Route::dispatch()
#3 {main}
  thrown in E:\Dự án 1\PKTT_duan1_source\PKTT_duan1_source\App\Views\Client\Pages\Product\Detail.php on line 131
[03-Dec-2024 16:46:38 Asia/Ho_Chi_Minh] PHP Fatal error:  Uncaught TypeError: Cannot access offset of type string on string in E:\Dự án 1\PKTT_duan1_source\PKTT_duan1_source\App\Views\Client\Pages\Product\Detail.php:131
Stack trace:
#0 E:\Dự án 1\PKTT_duan1_source\PKTT_duan1_source\App\Controllers\Client\ProductController.php(95): App\Views\Client\Pages\Product\Detail::render()
#1 E:\Dự án 1\PKTT_duan1_source\PKTT_duan1_source\App\Route.php(104): App\Controllers\Client\ProductController::detail()
#2 E:\Dự án 1\PKTT_duan1_source\PKTT_duan1_source\index.php(192): App\Route::dispatch()
#3 {main}
  thrown in E:\Dự án 1\PKTT_duan1_source\PKTT_duan1_source\App\Views\Client\Pages\Product\Detail.php on line 131
[03-Dec-2024 16:46:38 Asia/Ho_Chi_Minh] PHP Fatal error:  Uncaught TypeError: Cannot access offset of type string on string in E:\Dự án 1\PKTT_duan1_source\PKTT_duan1_source\App\Views\Client\Pages\Product\Detail.php:131
Stack trace:
#0 E:\Dự án 1\PKTT_duan1_source\PKTT_duan1_source\App\Controllers\Client\ProductController.php(95): App\Views\Client\Pages\Product\Detail::render()
#1 E:\Dự án 1\PKTT_duan1_source\PKTT_duan1_source\App\Route.php(104): App\Controllers\Client\ProductController::detail()
#2 E:\Dự án 1\PKTT_duan1_source\PKTT_duan1_source\index.php(192): App\Route::dispatch()
#3 {main}
  thrown in E:\Dự án 1\PKTT_duan1_source\PKTT_duan1_source\App\Views\Client\Pages\Product\Detail.php on line 131
[03-Dec-2024 17:49:34 Asia/Ho_Chi_Minh] PHP Fatal error:  Uncaught ArgumentCountError: The number of variables must match the number of parameters in the prepared statement in E:\Dự án 1\PKTT_duan1_source\PKTT_duan1_source\App\Models\Product.php:282
Stack trace:
#0 E:\Dự án 1\PKTT_duan1_source\PKTT_duan1_source\App\Models\Product.php(282): mysqli_stmt->bind_param()
#1 E:\Dự án 1\PKTT_duan1_source\PKTT_duan1_source\App\Controllers\Client\ProductController.php(62): App\Models\Product->getAllProductsWithDetails()
#2 E:\Dự án 1\PKTT_duan1_source\PKTT_duan1_source\App\Route.php(104): App\Controllers\Client\ProductController::detail()
#3 E:\Dự án 1\PKTT_duan1_source\PKTT_duan1_source\index.php(192): App\Route::dispatch()
#4 {main}
  thrown in E:\Dự án 1\PKTT_duan1_source\PKTT_duan1_source\App\Models\Product.php on line 282
[03-Dec-2024 17:50:32 Asia/Ho_Chi_Minh] PHP Warning:  Undefined array key "option_value" in E:\Dự án 1\PKTT_duan1_source\PKTT_duan1_source\App\Views\Client\Pages\Product\Detail.php on line 129
[03-Dec-2024 17:50:32 Asia/Ho_Chi_Minh] PHP Warning:  Undefined array key "option_value" in E:\Dự án 1\PKTT_duan1_source\PKTT_duan1_source\App\Views\Client\Pages\Product\Detail.php on line 131
[03-Dec-2024 17:50:32 Asia/Ho_Chi_Minh] PHP Warning:  Undefined array key "option_value" in E:\Dự án 1\PKTT_duan1_source\PKTT_duan1_source\App\Views\Client\Pages\Product\Detail.php on line 129
[03-Dec-2024 17:50:32 Asia/Ho_Chi_Minh] PHP Warning:  Undefined array key "option_value" in E:\Dự án 1\PKTT_duan1_source\PKTT_duan1_source\App\Views\Client\Pages\Product\Detail.php on line 131
[03-Dec-2024 17:50:32 Asia/Ho_Chi_Minh] PHP Warning:  Undefined array key "option_value" in E:\Dự án 1\PKTT_duan1_source\PKTT_duan1_source\App\Views\Client\Pages\Product\Detail.php on line 129
[03-Dec-2024 17:50:32 Asia/Ho_Chi_Minh] PHP Warning:  Undefined array key "option_value" in E:\Dự án 1\PKTT_duan1_source\PKTT_duan1_source\App\Views\Client\Pages\Product\Detail.php on line 131
[04-Dec-2024 20:10:51 Asia/Ho_Chi_Minh] Lỗi khi lấy giỏ hàng: Unknown column 'carts.product_skus_id' in 'on clause'
[04-Dec-2024 20:10:59 Asia/Ho_Chi_Minh] Lỗi khi lấy giỏ hàng: Unknown column 'carts.product_skus_id' in 'on clause'
[04-Dec-2024 20:14:05 Asia/Ho_Chi_Minh] Lỗi khi lấy giỏ hàng: Unknown column 'carts.product_skus_id' in 'on clause'
